ID	DOCULECT	CONCEPT	FORM	TOKENS
1	German	all	al	a l
2	English	all	ɔːl	ɔː l
3	Danish	all	æˀl	æˀ l
4	Swedish	all	alː	a lː
5	Icelandic	all	at͡lir	a t͡l i r
6	Dutch	all	ɑlə	ɑ l ə
7	Norwegian	all	ɑlə	ɑ l ə
8	German	ashes	aʃə	a ʃ ə
9	English	ashes	æʃ	æ ʃ
10	Danish	ashes	asg	a s g
11	Swedish	ashes	asːka	a sː k a
12	Icelandic	ashes	aska	a s k a
13	Dutch	ashes	ɑs	ɑ s
14	Norwegian	ashes	ɑsk	ɑ s k
15	German	bark	rɪndə	r ɪ n d ə
16	English	bark	bɑːrk	b ɑː r k
17	Danish	bark	bɑːg	b ɑː g
18	Swedish	bark	barːk	b a rː k
19	Icelandic	bark	bœrkʏr	b œ r k ʏ r
20	Dutch	bark	bɑst	b ɑ s t
21	Norwegian	bark	bɑɾk	b ɑ ɾ k
22	German	belly	baux	b au x
23	English	belly	bɛlɪ	b ɛ l ɪ
24	Danish	belly	ɔnʌliwˀ	ɔ n ʌ l i wˀ
25	Swedish	belly	maːge	m aː g e
26	Icelandic	belly	kʰvɪːðʏr	kʰ v ɪː ð ʏ r
27	Dutch	belly	bœyk	b œy k
28	Norwegian	belly	mɑːgə	m ɑː g ə
29	Danish	belly	mæːvə	m æː v ə
30	Swedish	belly	buk	b u k
31	Norwegian	belly	bʉːk	b ʉː k
32	German	big	ɡroːs	ɡ r oː s
33	English	big	bɪɡ	b ɪ ɡ
34	Danish	big	sdoˀʁ	s d oˀ ʁ
35	Swedish	big	stoːr	s t oː r
36	Icelandic	big	stouːr	s t ouː r
37	Dutch	big	xroːt	x r oː t
38	Norwegian	big	stuːɾ	s t uː ɾ
39	English	big	ɡreɪt	ɡ r eɪ t
40	Icelandic	big	mɪːcɪt͡l	m ɪː c ɪ t͡l
41	German	bird	foːɡəl	f oː ɡ ə l
42	English	bird	bɜːrd	b ɜː r d
43	Danish	bird	fuˀl	f uˀ l
44	Swedish	bird	foːgel	f oː g e l
45	Icelandic	bird	fʏkl	f ʏ k l
46	Dutch	bird	voːɣəl	v oː ɣ ə l
47	Norwegian	bird	fʉːl	f ʉː l
48	German	bite (V)	baisən	b ai s ə n
49	English	bite (V)	baɪt	b aɪ t
50	Danish	bite (V)	biːðə	b iː ð ə
51	Swedish	bite (V)	biːta	b iː t a
52	Icelandic	bite (V)	piːta	p iː t a
53	Dutch	bite (V)	bɛɪtə	b ɛɪ t ə
54	Norwegian	bite (V)	biːtə	b iː t ə
55	German	black	ʃvart͡s	ʃ v a r t͡s
56	English	black	blæk	b l æ k
57	Danish	black	sɒːd	s ɒː d
58	Swedish	black	svartː	s v a r tː
59	Icelandic	black	svar̥tʏr	s v a r̥ t ʏ r
60	Dutch	black	zʋɑrt	z ʋ ɑ r t
61	Norwegian	black	sɔʈ	s ɔ ʈ
62	German	blood	bluːt	b l uː t
63	English	blood	blʌd	b l ʌ d
64	Danish	blood	bloˀð	b l oˀ ð
65	Swedish	blood	bloːd	b l oː d
66	Icelandic	blood	plouːθ	p l ouː θ
67	Dutch	blood	bluːt	b l uː t
68	Norwegian	blood	bluː	b l uː
69	German	bone	knɔxən	k n ɔ x ə n
70	English	bone	bəʊn	b əʊ n
71	Danish	bone	beˀn	b eˀ n
72	Swedish	bone	beːn	b eː n
73	Icelandic	bone	peiːn	p eiː n
74	Dutch	bone	beːn	b eː n
75	Norwegian	bone	beːn	b eː n
76	German	breast	brʊst	b r ʊ s t
77	English	breast	brɛst	b r ɛ s t
78	Danish	breast	bʁœsd	b ʁ œ s d
79	Swedish	breast	brøst	b r ø s t
80	Icelandic	breast	b̥rjousd̥	b̥ r j ou s d̥
81	Dutch	breast	bɔrst	b ɔ r s t
82	Norwegian	breast	bɾyst	b ɾ y s t
83	German	burn (V)	brɛnən	b r ɛ n ə n
84	English	burn (V)	bɜːrn	b ɜː r n
85	Danish	burn (V)	bʁanə	b ʁ a n ə
86	Swedish	burn (V)	brɛnːa	b r ɛ nː a
87	Icelandic	burn (V)	b̥rɛtna	b̥ r ɛ t n a
88	Dutch	burn (V)	brɑndə	b r ɑ n d ə
89	Norwegian	burn (V)	bɾenə	b ɾ e n ə
90	German	claw	naːɡəl	n aː ɡ ə l
91	English	claw	neɪl	n eɪ l
92	Danish	claw	nɑjˀl	n ɑ jˀ l
93	Swedish	claw	naːgel	n aː g e l
94	Icelandic	claw	nakl	n a k l
95	Dutch	claw	naːɣəl	n aː ɣ ə l
96	Norwegian	claw	næjl	n æ j l
97	German	cloud	vɔlkə	v ɔ l k ə
98	English	cloud	klaʊd	k l aʊ d
99	Danish	cloud	sgyˀ	s g yˀ
100	Swedish	cloud	ɧyː	ɧ yː
101	Icelandic	cloud	sciː	s c iː
102	Dutch	cloud	ʋɔlk	ʋ ɔ l k
103	Norwegian	cloud	ʃyː	ʃ yː
104	Swedish	cloud	moːln	m oː l n
105	German	cold	kalt	k a l t
106	English	cold	kəʊld	k əʊ l d
107	Danish	cold	kʌlˀ	k ʌ lˀ
108	Swedish	cold	kalː	k a lː
109	Icelandic	cold	kʰaltʏr	kʰ a l t ʏ r
110	Dutch	cold	kɑut	k ɑu t
111	Norwegian	cold	kɑl	k ɑ l
112	German	come (V)	kɔmən	k ɔ m ə n
113	English	come (V)	kʌm	k ʌ m
114	Danish	come (V)	kʌmə	k ʌ m ə
115	Swedish	come (V)	komːa	k o mː a
116	Icelandic	come (V)	kʰɔːma	kʰ ɔː m a
117	Dutch	come (V)	aːŋkoːmə	aː ŋ k oː m ə
118	Norwegian	come (V)	kɔmə	k ɔ m ə
119	German	die (V)	ʃtɛrbən	ʃ t ɛ r b ə n
120	English	die (V)	daɪ	d aɪ
121	Danish	die (V)	døˀ	d øˀ
122	Swedish	die (V)	dø	d ø
123	Icelandic	die (V)	teiːja	t eiː j a
124	Dutch	die (V)	stɛrvə	s t ɛ r v ə
125	Norwegian	die (V)	døː	d øː
126	German	dog	hʊnt	h ʊ n t
127	English	dog	dɔɡ	d ɔ ɡ
128	Danish	dog	hunˀ	h u nˀ
129	Swedish	dog	hunːd	h u nː d
130	Icelandic	dog	hʏntʏr	h ʏ n t ʏ r
131	Dutch	dog	hɔnt	h ɔ n t
132	Norwegian	dog	hʉn	h ʉ n
133	German	drink (V)	trɪŋkən	t r ɪ ŋ k ə n
134	English	drink (V)	drɪŋk	d r ɪ ŋ k
135	Danish	drink (V)	dʁɛgə	d ʁ ɛ g ə
136	Swedish	drink (V)	drikːa	d r i kː a
137	Icelandic	drink (V)	trɛʰka	t r ɛʰ k a
138	Dutch	drink (V)	drɪŋkə	d r ɪ ŋ k ə
139	Norwegian	drink (V)	dɾikə	d ɾ i k ə
140	German	dry	trɔkən	t r ɔ k ə n
141	English	dry	draɪ	d r aɪ
142	Danish	dry	tɶˀʁ	t ɶˀ ʁ
143	Swedish	dry	torː	t o rː
144	Icelandic	dry	θʏrː	θ ʏ rː
145	Dutch	dry	droːx	d r oː x
146	Norwegian	dry	tœɾ	t œ ɾ
147	German	ear	oːr	oː r
148	English	ear	ɪər	ɪə r
149	Danish	ear	øːʌ	øːʌ
150	Swedish	ear	øːra	øː r a
151	Icelandic	ear	eiːra	eiː r a
152	Dutch	ear	oːr	oː r
153	Norwegian	ear	øːɾə	øː ɾ ə
154	German	earth	eːrdə	eː r d ə
155	English	earth	ɜːrθ	ɜː r θ
156	Danish	earth	joˀʁ	j oˀ ʁ
157	Swedish	earth	joːrd	j oː r d
158	Icelandic	earth	jœrð	j œ r ð
159	Dutch	earth	aːrdə	aː r d ə
160	Norwegian	earth	juːɾ	j uː ɾ
161	German	eat (V)	ɛsən	ɛ s ə n
162	English	eat (V)	iːt	iː t
163	Danish	eat (V)	sbiːsə	s b iː s ə
164	Swedish	eat (V)	ɛːta	ɛː t a
165	Icelandic	eat (V)	pɔrða	p ɔ r ð a
166	Dutch	eat (V)	eːtə	eː t ə
167	Norwegian	eat (V)	spiːsə	s p iː s ə
168	German	egg	ai	ai
169	English	egg	ɛɡ	ɛ ɡ
170	Danish	egg	ɛˀg	ɛˀ g
171	Swedish	egg	egː	e gː
172	Icelandic	egg	ɛkː	ɛ kː
173	Dutch	egg	ɛɪ	ɛɪ
174	Norwegian	egg	eg	e g
175	German	eye	auɡə	au ɡ ə
176	English	eye	aɪ	aɪ
177	Danish	eye	ʌjə	ʌ j ə
178	Swedish	eye	øːga	øː g a
179	Icelandic	eye	øyːɣa	øyː ɣ a
180	Dutch	eye	oːx	oː x
181	Norwegian	eye	œjə	œ j ə
182	German	fat	fɛt	f ɛ t
183	English	fat	fæt	f æ t
184	Danish	fat	fed	f e d
185	Swedish	fat	fɛt	f ɛ t
186	Icelandic	fat	fɪːta	f ɪː t a
187	Dutch	fat	vɛt	v ɛ t
188	Norwegian	fat	fet	f e t
189	German	feather	feːdər	f eː d ə r
190	English	feather	fɛðər	f ɛ ð ə r
191	Danish	feather	fjeðˀʌ	f j e ðˀ ʌ
192	Swedish	feather	fjɛːder	f j ɛː d e r
193	Icelandic	feather	fjœːðʏr	f j œː ð ʏ r
194	Dutch	feather	veːr	v eː r
195	Norwegian	feather	fjæːɾ	f j æː ɾ
196	German	fire	fɔyər	f ɔyə r
197	English	fire	faɪər	f aɪə r
198	Danish	fire	ilˀ	i lˀ
199	Swedish	fire	elːd	e lː d
200	Icelandic	fire	ɛltʏr	ɛ l t ʏ r
201	Dutch	fire	vyːr	v yː r
202	Norwegian	fire	ʋɑɾmə	ʋ ɑ ɾ m ə
203	Norwegian	fire	il	i l
204	German	fish	fɪʃ	f ɪ ʃ
205	English	fish	fɪʃ	f ɪ ʃ
206	Danish	fish	fesg	f e s g
207	Swedish	fish	fisːk	f i sː k
208	Icelandic	fish	fɪskʏr	f ɪ s k ʏ r
209	Dutch	fish	vɪs	v ɪ s
210	Norwegian	fish	fisk	f i s k
211	German	fly (V)	fliːɡən	f l iː ɡ ə n
212	English	fly (V)	flaɪ	f l aɪ
213	Danish	fly (V)	flyːvə	f l yː v ə
214	Swedish	fly (V)	flʉga	f l ʉ g a
215	Icelandic	fly (V)	fljuːa	f l j uːa
216	Dutch	fly (V)	vliːɣə	v l iː ɣ ə
217	Norwegian	fly (V)	flyː	f l yː
218	German	foot	fuːs	f uː s
219	English	foot	fʊt	f ʊ t
220	Danish	foot	foˀð	f oˀ ð
221	Swedish	foot	foːt	f oː t
222	Icelandic	foot	fouːtʏr	f ouː t ʏ r
223	Dutch	foot	vuːt	v uː t
224	Norwegian	foot	fuːt	f uː t
225	German	full	fɔl	f ɔ l
226	English	full	fʊl	f ʊ l
227	Danish	full	fulˀ	f u lˀ
228	Swedish	full	fulː	f u lː
229	Icelandic	full	fʏt͡lʏr	f ʏ t͡l ʏ r
230	Dutch	full	vɔl	v ɔ l
231	Norwegian	full	fʉl	f ʉ l
232	German	give (V)	ɡeːbən	ɡ eː b ə n
233	English	give (V)	ɡɪv	ɡ ɪ v
234	Danish	give (V)	giˀ	g iˀ
235	Swedish	give (V)	jiːva	j iː v a
236	Icelandic	give (V)	cɛːva	c ɛː v a
237	Dutch	give (V)	xeːvə	x eː v ə
238	Norwegian	give (V)	jiː	j iː
239	German	good	ɡuːt	ɡ uː t
240	English	good	ɡʊd	ɡ ʊ d
241	Danish	good	goˀ	g oˀ
242	Swedish	good	guːd	g uː d
243	Icelandic	good	kouːðʏr	k ouː ð ʏ r
244	Dutch	good	xuːt	x uː t
245	Norwegian	good	guː	g uː
246	German	green	ɡryːn	ɡ r yː n
247	English	green	ɡriːn	ɡ r iː n
248	Danish	green	gʁɶnˀ	g ʁ ɶ nˀ
249	Swedish	green	grøːn	g r øː n
250	Icelandic	green	krait͡n	k r ai t͡n
251	Dutch	green	xruːn	x r uː n
252	Norwegian	green	gɾœn	g ɾ œ n
253	German	hair	haːr	h aː r
254	English	hair	hɛər	h ɛə r
255	Danish	hair	hɒˀ	h ɒˀ
256	Swedish	hair	hoːr	h oː r
257	Icelandic	hair	hauːr	h auː r
258	Dutch	hair	haːr	h aː r
259	Norwegian	hair	hoːɾ	h oː ɾ
260	German	hand	hant	h a n t
261	English	hand	hænd	h æ n d
262	Danish	hand	hʌnˀ	h ʌ nˀ
263	Swedish	hand	hanːd	h a nː d
264	Icelandic	hand	hœnt	h œ n t
265	Dutch	hand	hɑnt	h ɑ n t
266	Norwegian	hand	hɔn	h ɔ n
267	German	head	kɔp͡f	k ɔ p͡f
268	English	head	hɛd	h ɛ d
269	Danish	head	hoːəð	h oːə ð
270	Swedish	head	huːvud	h uː v u d
271	Icelandic	head	hœvʏð	h œ v ʏ ð
272	Dutch	head	hoːft	h oː f t
273	Norwegian	head	huːdə	h uː d ə
274	German	hear (V)	høːrən	h øː r ə n
275	English	hear (V)	hɪər	h ɪə r
276	Danish	hear (V)	høːʌ	h øːʌ
277	Swedish	hear (V)	høːra	h øː r a
278	Icelandic	hear (V)	heiːra	h eiː r a
279	Dutch	hear (V)	hoːrə	h oː r ə
280	Norwegian	hear (V)	høːɾə	h øː ɾ ə
281	German	heart	hɛrt͡s	h ɛ r t͡s
282	English	heart	hɑːrt	h ɑː r t
283	Danish	heart	jæʁdə	j æ ʁ d ə
284	Swedish	heart	jɛrta	j ɛ r t a
285	Icelandic	heart	çar̥ta	ç a r̥ t a
286	Dutch	heart	hɑrt	h ɑ r t
287	Norwegian	heart	jæʈə	j æ ʈ ə
288	German	horn	hɔrn	h ɔ r n
289	English	horn	hɔːrn	h ɔː r n
290	Danish	horn	hoʁˀn	h o ʁˀ n
291	Swedish	horn	hoːrn	h oː r n
292	Icelandic	horn	hɔrt͡n	h ɔ r t͡n
293	Dutch	horn	hoːrn	h oː r n
294	Norwegian	horn	huːɳ	h uː ɳ
295	German	I	ɪx	ɪ x
296	English	I	aɪ	aɪ
297	Danish	I	jɑj	j ɑ j
298	Swedish	I	jaːg	j aː g
299	Icelandic	I	jɛɣ	j ɛ ɣ
300	Dutch	I	ɪk	ɪ k
301	Norwegian	I	jæj	j æ j
302	German	kill (V)	tøːtən	t øː t ə n
303	English	kill (V)	kɪl	k ɪ l
304	Danish	kill (V)	dʁɛːbə	d ʁ ɛː b ə
305	Swedish	kill (V)	døːda	d øː d a
306	Icelandic	kill (V)	trɛːpa	t r ɛː p a
307	Dutch	kill (V)	doːdə	d oː d ə
308	Norwegian	kill (V)	dɾeːpə	d ɾ eː p ə
309	Swedish	kill (V)	drɛpa	d r ɛ p a
310	German	knee	kniː	k n iː
311	English	knee	niː	n iː
312	Danish	knee	knɛˀ	k n ɛˀ
313	Swedish	knee	knɛː	k n ɛː
314	Icelandic	knee	kʰniɛː	kʰ n iɛː
315	Dutch	knee	kniː	k n iː
316	Norwegian	knee	kneː	k n eː
317	German	know (V)	vɪsən	v ɪ s ə n
318	English	know (V)	nəʊ	n əʊ
319	Danish	know (V)	viːðə	v iː ð ə
320	Swedish	know (V)	ɕɛnna	ɕ ɛ nː a
321	Icelandic	know (V)	vɪːta	v ɪː t a
322	Dutch	know (V)	ʋeːtə	ʋ eː t ə
323	Norwegian	know (V)	ʋiːtə	ʋ iː t ə
324	German	know (V)	kɛnən	k ɛ n ə n
325	Danish	know (V)	kɛnə	k ɛ n ə
326	Swedish	know (V)	veta	v e t a
327	Dutch	know (V)	kɛnə	k ɛ n ə
328	Norwegian	know (V)	çenə	ç e n ə
329	German	leaf	blat	b l a t
330	English	leaf	liːf	l iː f
331	Danish	leaf	blað	b l a ð
332	Swedish	leaf	blad	b l a d
333	Icelandic	leaf	plaːð	p l aː ð
334	Dutch	leaf	blɑt	b l ɑ t
335	Norwegian	leaf	blɑː	b l ɑː
336	Swedish	leaf	blad	b l a d
337	Icelandic	leaf	løyːv	l øyː v
338	Norwegian	leaf	løːʋ	l øː ʋ
339	German	lie (V)	liːɡən	l iː ɡ ə n
340	English	lie (V)	laɪ	l aɪ
341	Danish	lie (V)	legə	l e g ə
342	Swedish	lie (V)	ligːa	l i gː a
343	Icelandic	lie (V)	lɪcːa	l ɪ cː a
344	Dutch	lie (V)	lɪɣə	l ɪ ɣ ə
345	Norwegian	lie (V)	ligə	l i g ə
346	German	liver	leːbər	l eː b ə r
347	English	liver	lɪvər	l ɪ v ə r
348	Danish	liver	lewˀʌ	l e wˀ ʌ
349	Swedish	liver	leːver	l eː v e r
350	Icelandic	liver	lɪːvʏr	l ɪː v ʏ r
351	Dutch	liver	leːvər	l eː v ə r
352	Norwegian	liver	leʋəɾ	l e ʋ ə ɾ
353	German	long	laŋ	l a ŋ
354	English	long	lɔŋ	l ɔ ŋ
355	Danish	long	lɑŋˀ	l ɑ ŋˀ
356	Swedish	long	loŋː	l o ŋː
357	Icelandic	long	laŋkʏr	l a ŋ k ʏ r
358	Dutch	long	lɑŋ	l ɑ ŋ
359	Norwegian	long	lɑŋ	l ɑ ŋ
360	German	louse	laus	l au s
361	English	louse	laʊs	l aʊ s
362	Danish	louse	luˀs	l uˀ s
363	Swedish	louse	luːs	l uː s
364	Icelandic	louse	luːs	l uː s
365	Dutch	louse	lœys	l œy s
366	Norwegian	louse	lʉːs	l ʉː s
367	German	man	man	m a n
368	English	man	mæn	m æ n
369	Danish	man	manˀ	m a nˀ
370	Swedish	man	manː	m a nː
371	Icelandic	man	maːðʏr	m aː ð ʏ r
372	Dutch	man	mɑn	m ɑ n
373	Norwegian	man	mɑn	m ɑ n
374	German	many	fiːl	f iː l
375	English	many	mɛnɪ	m ɛ n ɪ
376	Danish	many	mɑŋən	m ɑ ŋ ə n
377	Swedish	many	mʏkɛt	m ʏ k ɛ t
378	Icelandic	many	mɪːcɪð	m ɪː c ɪ ð
379	Dutch	many	veːl	v eː l
380	Norwegian	many	mɑŋə	m ɑ ŋ ə
381	English	many	mʌʧ	m ʌ ʧ
382	Swedish	many	moŋːa	m o ŋː a
383	Norwegian	many	meːgət	m eː g ə t
384	German	meat	flaiʃ	f l ai ʃ
385	English	meat	miːt	m iː t
386	Danish	meat	køð	k ø ð
387	Swedish	meat	ɕøtː	ɕ ø tː
388	Icelandic	meat	kʰjœːt	kʰ j œː t
389	Dutch	meat	vleːs	v l eː s
390	Norwegian	meat	çœt	ç œ t
391	German	moon	moːnt	m oː n t
392	English	moon	muːn	m uː n
393	Danish	moon	mɔːnə	m ɔː n ə
394	Swedish	moon	moːne	m oː n e
395	Icelandic	moon	tʰuŋl	tʰ u ŋ l
396	Dutch	moon	maːn	m aː n
397	Norwegian	moon	mɑːnə	m ɑː n ə
398	Icelandic	moon	mauːnɪ	m auː n ɪ
399	German	mountain	bɛrk	b ɛ r k
400	English	mountain	maʊntɪn	m aʊ n t ɪ n
401	Danish	mountain	bjæʁˀw	b j æ ʁˀ w
402	Swedish	mountain	bɛrːj	b ɛ rː j
403	Icelandic	mountain	fjat͡l	f j a t͡l
404	Dutch	mountain	bɛrx	b ɛ r x
405	Norwegian	mountain	fjel	f j e l
406	Danish	mountain	fjɛlˀ	f j ɛ lˀ
407	German	mouth	mʊnt	m ʊ n t
408	English	mouth	maʊð	m aʊ ð
409	Danish	mouth	mɔnˀ	m ɔ nˀ
410	Swedish	mouth	munː	m u nː
411	Icelandic	mouth	mʏnːʏr	m ʏ nː ʏ r
412	Dutch	mouth	mɔnt	m ɔ n t
413	Norwegian	mouth	mʉn	m ʉ n
414	German	name	naːmə	n aː m ə
415	English	name	neɪm	n eɪ m
416	Danish	name	nɑwˀn	n ɑ wˀ n
417	Swedish	name	namːn	n a mː n
418	Icelandic	name	napn	n a p n
419	Dutch	name	naːm	n aː m
420	Norwegian	name	nɑʋn	n ɑ ʋ n
421	German	neck	hals	h a l s
422	English	neck	nɛk	n ɛ k
423	Danish	neck	halˀs	h a lˀ s
424	Swedish	neck	halːs	h a lː s
425	Icelandic	neck	hauls	h au l s
426	Dutch	neck	hɑls	h ɑ l s
427	Norwegian	neck	hɑls	h ɑ l s
428	Dutch	neck	nɛk	n ɛ k
429	German	new	nɔy	n ɔy
430	English	new	njuː	n j uː
431	Danish	new	nyˀ	n yˀ
432	Swedish	new	nyː	n yː
433	Icelandic	new	niːr	n iː r
434	Dutch	new	niːʋ	n iː ʋ
435	Norwegian	new	nyː	n yː
436	German	night	naxt	n a x t
437	English	night	naɪt	n aɪ t
438	Danish	night	nad	n a d
439	Swedish	night	natː	n a tː
440	Icelandic	night	nouʰt	n ouʰ t
441	Dutch	night	nɑxt	n ɑ x t
442	Norwegian	night	nɑt	n ɑ t
443	German	nose	naːzə	n aː z ə
444	English	nose	nəʊz	n əʊ z
445	Danish	nose	nɛːsə	n ɛː s ə
446	Swedish	nose	nɛːsa	n ɛː s a
447	Icelandic	nose	nɛːv	n ɛː v
448	Dutch	nose	nœːs	n œː s
449	Norwegian	nose	neːsə	n eː s ə
450	German	not	nɪxt	n ɪ x t
451	English	not	nɔt	n ɔ t
452	Danish	not	egə	e g ə
453	Swedish	not	ikːe	i kː e
454	Icelandic	not	ɛʰcɪ	ɛʰ c ɪ
455	Dutch	not	niːt	n iː t
456	Norwegian	not	ikə	i k ə
457	German	one	ain	ai n
458	English	one	ʋʌn	ʋ ʌ n
459	Danish	one	eˀn	eˀ n
460	Swedish	one	en	e n
461	Icelandic	one	eit͡n	ei t͡n
462	Dutch	one	eːn	eː n
463	Norwegian	one	eːn	eː n
464	German	person	mɛnʃ	m ɛ n ʃ
465	English	person	mæn	m æ n
466	Danish	person	mɛnəsgə	m ɛ n ə s g ə
467	Swedish	person	mɛniʃa	m ɛ n i ʃ a
468	Icelandic	person	maːðʏr	m aː ð ʏ r
469	Dutch	person	mɛns	m ɛ n s
470	Norwegian	person	menəskə	m e n ə s k ə
471	German	rain (V)	reːɡən	r eː ɡ ə n
472	English	rain (V)	reɪn	r eɪ n
473	Danish	rain (V)	ʁɑjˀn	ʁ ɑ jˀ n
474	Swedish	rain (V)	reŋːn	r e ŋː n
475	Icelandic	rain (V)	rɛkn	r ɛ k n
476	Dutch	rain (V)	reːɣə	r eː ɣ ə
477	Norwegian	rain (V)	ɾæjnə	ɾ æ j n ə
478	German	red	roːt	r oː t
479	English	red	rɛd	r ɛ d
480	Danish	red	ʁœðˀ	ʁ œ ðˀ
481	Swedish	red	røːd	r øː d
482	Icelandic	red	røyːðʏr	r øyː ð ʏ r
483	Dutch	red	roːt	r oː t
484	German	road	veːk	v eː k
485	English	road	rəʊd	r əʊ d
486	Danish	road	vɑjˀ	v ɑ jˀ
487	Swedish	road	vɛːg	v ɛː g
488	Icelandic	road	vekʏr	v e k ʏ r
489	Dutch	road	ʋɛx	ʋ ɛ x
490	English	road	ʋeɪ	ʋ eɪ
491	German	root	vʊrt͡səl	v ʊ r t͡s ə l
492	English	root	ruːt	r uː t
493	Danish	root	ʁoˀð	ʁ oˀ ð
494	Swedish	root	roːt	r oː t
495	Icelandic	root	rouːt	r ouː t
496	Dutch	root	ʋɔrtəl	ʋ ɔ r t ə l
497	German	round	rʊnt	r ʊ n t
498	English	round	raʊnd	r aʊ n d
499	Danish	round	ʁɔnˀ	ʁ ɔ nˀ
500	Swedish	round	runːd	r u nː d
501	Icelandic	round	kʰriŋlouʰtʏr	kʰ r i ŋ l ouʰ t ʏ r
502	Dutch	round	rɔnt	r ɔ n t
503	German	sand	zant	z a n t
504	English	sand	sænd	s æ n d
505	Danish	sand	sanˀ	s a nˀ
506	Swedish	sand	sanːd	s a nː d
507	Icelandic	sand	santʏr	s a n t ʏ r
508	Dutch	sand	zɑnt	z ɑ n t
509	German	say (V)	zaːɡən	z aː ɡ ə n
510	English	say (V)	seɪ	s eɪ
511	Danish	say (V)	siː	s iː
512	Swedish	say (V)	sɛja	s ɛ j a
513	Icelandic	say (V)	seiːja	s eiː j a
514	Dutch	say (V)	zɛɣə	z ɛ ɣ ə
515	Norwegian	say (V)	siː	s iː
516	German	see (V)	zeːən	z eːə n
517	English	see (V)	siː	s iː
518	Danish	see (V)	seˀ	s eˀ
519	Swedish	see (V)	seː	s eː
520	Icelandic	see (V)	sjauː	s j auː
521	Dutch	see (V)	ziːn	z iː n
522	Norwegian	see (V)	seː	s eː
523	German	seed	zaːmən	z aː m ə n
524	English	seed	siːd	s iː d
525	Danish	seed	fʁœˀ	f ʁ œˀ
526	Swedish	seed	frøː	f r øː
527	Icelandic	seed	fraiː	f r aiː
528	Dutch	seed	zaːt	z aː t
529	Norwegian	seed	fɾøː	f ɾ øː
530	German	sit (V)	zɪt͡sən	z ɪ t͡s ə n
531	English	sit (V)	sɪt	s ɪ t
532	Danish	sit (V)	seðə	s e ð ə
533	Swedish	sit (V)	sitːa	s i tː a
534	Icelandic	sit (V)	sɪːtja	s ɪː t j a
535	Dutch	sit (V)	zɪtə	z ɪ t ə
536	Norwegian	sit (V)	sitə	s i t ə
537	German	skin	haut	h au t
538	English	skin	skɪn	s k ɪ n
539	Danish	skin	huðˀ	h u ðˀ
540	Swedish	skin	ɧinː	ɧ i nː
541	Icelandic	skin	huːð	h uː ð
542	Dutch	skin	vɛl	v ɛ l
543	Norwegian	skin	hʉːd	h ʉː d
544	Swedish	skin	huːd	h uː d
545	Icelandic	skin	scɪnː	s c ɪ nː
546	Dutch	skin	hœyt	h œy t
547	German	sleep (V)	ʃlaːfən	ʃ l aː f ə n
548	English	sleep (V)	sliːp	s l iː p
549	Danish	sleep (V)	sɒwə	s ɒ w ə
550	Swedish	sleep (V)	soːva	s oː v a
551	Icelandic	sleep (V)	sɔːva	s ɔː v a
552	Dutch	sleep (V)	slaːpə	s l aː p ə
553	Norwegian	sleep (V)	soːʋə	s oː ʋ ə
554	German	small	klain	k l ai n
555	English	small	smɔːl	s m ɔː l
556	Danish	small	lilə	l i l ə
557	Swedish	small	liːten	l iː t e n
558	Icelandic	small	liːtɪt͡l	l iː t ɪ t͡l
559	Dutch	small	klɛɪn	k l ɛɪ n
560	Norwegian	small	liːtən	l iː t ə n
561	English	small	lɪtḷ	l ɪ t ḷ
562	Danish	small	liːðən	l iː ð ə n
563	Swedish	small	smoː	s m oː
564	Icelandic	small	smauːr	s m auː r
565	German	smoke	raux	r au x
566	English	smoke	sməʊk	s m əʊ k
567	Danish	smoke	ʁʌjˀ	ʁ ʌ jˀ
568	Swedish	smoke	røk	r ø k
569	Icelandic	smoke	reiːkʏr	r eiː k ʏ r
570	Dutch	smoke	roːk	r oː k
571	Norwegian	smoke	ɾœjk	ɾ œ j k
572	German	stand (V)	ʃteːən	ʃ t eːə n
573	English	stand (V)	stænd	s t æ n d
574	Danish	stand (V)	sdɔˀ	s d ɔˀ
575	Swedish	stand (V)	stoː	s t oː
576	Icelandic	stand (V)	stanta	s t a n t a
577	Dutch	stand (V)	staːn	s t aː n
578	Norwegian	stand (V)	stoː	s t oː
579	German	star	ʃtɛrn	ʃ t ɛ r n
580	English	star	stɑːr	s t ɑː r
581	Danish	star	sdjæʁnə	s d j æ ʁ n ə
582	Swedish	star	ɧɛːrna	ɧ ɛː r n a
583	Icelandic	star	stjart͡na	s t j a r t͡n a
584	Dutch	star	stɛr	s t ɛ r
585	Norwegian	star	stjæːɳə	s t j æː ɳ ə
586	German	stone	ʃtain	ʃ t ai n
587	English	stone	stəʊn	s t əʊ n
588	Danish	stone	sdeˀn	s d eˀ n
589	Swedish	stone	steːn	s t eː n
590	Icelandic	stone	steit͡n	s t ei t͡n
591	Dutch	stone	steːn	s t eː n
592	Norwegian	stone	stæjn	s t æ j n
593	German	sun	zɔnə	z ɔ n ə
594	English	sun	sʌn	s ʌ n
595	Danish	sun	soˀl	s oˀ l
596	Swedish	sun	soːl	s oː l
597	Icelandic	sun	souːl	s ouː l
598	Dutch	sun	zɔn	z ɔ n
599	Norwegian	sun	suːl	s uː l
600	German	swim (V)	ʃvɪmən	ʃ v ɪ m ə n
601	English	swim (V)	sʋɪm	s ʋ ɪ m
602	Danish	swim (V)	svœmə	s v œ m ə
603	Swedish	swim (V)	simːa	s i mː a
604	Icelandic	swim (V)	synta	s y n t a
605	Dutch	swim (V)	zʋɛmə	z ʋ ɛ m ə
606	Norwegian	swim (V)	sʋœmə	s ʋ œ m ə
607	German	tail	ʃvant͡s	ʃ v a n t͡s
608	English	tail	teɪl	t eɪ l
609	Danish	tail	hæːlə	h æː l ə
610	Swedish	tail	ɧɛrt	ɧ ɛ r t
611	Icelandic	tail	haːlɪ	h aː l ɪ
612	Dutch	tail	staːrt	s t aː r t
613	Norwegian	tail	hɑːlə	h ɑː l ə
614	Icelandic	tail	skɔʰt	s k ɔʰ t
615	German	that	jeːnər	j eː n ə r
616	English	that	ðæt	ð æ t
617	Danish	that	de	d e
618	Swedish	that	də	d ə
619	Icelandic	that	θɛsːɪ	θ ɛ sː ɪ
620	Dutch	that	diː	d iː
621	Norwegian	that	deː	d eː
622	Danish	that	hiˀn	h iˀ n
623	Icelandic	that	sauː	s auː
624	German	this	diːzər	d iː z ə r
625	English	this	ðɪs	ð ɪ s
626	Danish	this	dɛnə	d ɛ n ə
627	Swedish	this	dɛta	d ɛ t a
628	Icelandic	this	θɛsːɪ	θ ɛ sː ɪ
629	Dutch	this	deːzə	d eː z ə
630	Norwegian	this	detə	d e t ə
631	Danish	this	dɛnə	d ɛ n ə
632	German	thou	duː	d uː
633	English	thou	juː	j uː
634	Danish	thou	duˀ	d uˀ
635	Swedish	thou	dʉ	d ʉ
636	Icelandic	thou	θuː	θ uː
637	Dutch	thou	jɛɪ	j ɛɪ
638	Norwegian	thou	dʉː	d ʉː
639	German	tongue	t͡sʊŋə	t͡s ʊ ŋ ə
640	English	tongue	tʌŋ	t ʌ ŋ
641	Danish	tongue	tɔŋə	t ɔ ŋ ə
642	Swedish	tongue	tuŋːa	t u ŋː a
643	Icelandic	tongue	tʰuŋka	tʰ u ŋ k a
644	Dutch	tongue	tɔŋ	t ɔ ŋ
645	Norwegian	tongue	tuŋə	t u ŋ ə
646	German	tooth	t͡saːn	t͡s aː n
647	English	tooth	tuːθ	t uː θ
648	Danish	tooth	tanˀ	t a nˀ
649	Swedish	tooth	tanːd	t a nː d
650	Icelandic	tooth	tʰœnː	tʰ œ nː
651	Dutch	tooth	tɑnt	t ɑ n t
652	Norwegian	tooth	tɑn	t ɑ n
653	German	tree	baum	b au m
654	English	tree	triː	t r iː
655	Danish	tree	tʁɛˀ	t ʁ ɛˀ
656	Swedish	tree	trɛːd	t r ɛː d
657	Icelandic	tree	tʰrjɛː	tʰ r j ɛː
658	Dutch	tree	boːm	b oː m
659	Norwegian	tree	tɾeː	t ɾ eː
660	Icelandic	tree	vɪːðʏr	v ɪː ð ʏ r
661	German	two	t͡svai	t͡s v ai
662	English	two	tuː	t uː
663	Danish	two	toˀ	t oˀ
664	Swedish	two	tvoː	t v oː
665	Icelandic	two	tʰveir	tʰ v ei r
666	Dutch	two	tʋeː	t ʋ eː
667	Norwegian	two	tuː	t uː
668	German	walk (V)	ɡeːən	ɡ eːə n
669	English	walk (V)	ɡəʊ	ɡ əʊ
670	Danish	walk (V)	gɔˀ	g ɔˀ
671	Swedish	walk (V)	goː	g oː
672	Icelandic	walk (V)	faːra	f aː r a
673	Dutch	walk (V)	xaːn	x aː n
674	Norwegian	walk (V)	goː	g oː
675	German	warm	varm	v a r m
676	English	warm	ʋɔːrm	ʋ ɔː r m
677	Danish	warm	vɑˀm	v ɑˀ m
678	Swedish	warm	varːm	v a rː m
679	Icelandic	warm	l̥iːr	l̥ iː r
680	Dutch	warm	ʋɑrm	ʋ ɑ r m
681	Norwegian	warm	ʋɑɾm	ʋ ɑ ɾ m
682	German	water	vasər	v a s ə r
683	English	water	ʋɔːtər	ʋ ɔː t ə r
684	Danish	water	vanˀ	v a nˀ
685	Swedish	water	vatːen	v a tː e n
686	Icelandic	water	vaʰtn̥	v aʰ t n̥
687	Dutch	water	ʋaːtər	ʋ aː t ə r
688	Norwegian	water	ʋɑn	ʋ ɑ n
689	German	we	viːr	v iː r
690	English	we	ʋiː	ʋ iː
691	Danish	we	viˀ	v iˀ
692	Swedish	we	viː	v iː
693	Icelandic	we	vɪːð	v ɪː ð
694	Dutch	we	ʋɛɪ	ʋ ɛɪ
695	Norwegian	we	ʋiː	ʋ iː
696	German	what	vas	v a s
697	English	what	ʋɔt	ʋ ɔ t
698	Danish	what	va	v a
699	Swedish	what	vɑd	v ɑ d
700	Icelandic	what	xʷaːð	xʷ aː ð
701	Dutch	what	ʋɑt	ʋ ɑ t
702	Norwegian	what	ʋɑː	ʋ ɑː
703	German	white	vais	v ai s
704	English	white	ʋaɪt	ʋ aɪ t
705	Danish	white	viðˀ	v i ðˀ
706	Swedish	white	viːt	v iː t
707	Icelandic	white	xʷiːtʏr	xʷ iː t ʏ r
708	Dutch	white	ʋɪt	ʋ ɪ t
709	Norwegian	white	ʋiːt	ʋ iː t
710	German	who	veːr	v eː r
711	English	who	huː	h uː
712	Danish	who	vɛmˀ	v ɛ mˀ
713	Swedish	who	vem	v e m
714	Icelandic	who	xʷɛːr	xʷ ɛː r
715	Dutch	who	ʋiː	ʋ iː
716	Norwegian	who	ʋem	ʋ e m
717	German	woman	frau	f r au
718	English	woman	ʋʊmən	ʋ ʊ m ə n
719	Danish	woman	kvenə	k v e n ə
720	Swedish	woman	kvinːa	k v i nː a
721	Icelandic	woman	kʰɔːna	kʰ ɔː n a
722	Dutch	woman	vrɑuʋ	v r ɑu ʋ
723	Norwegian	woman	kʋinə	k ʋ i n ə
724	German	woman	vaip	v ai p
725	German	yellow	ɡɛlp	ɡ ɛ l p
726	English	yellow	jɛləʊ	j ɛ l əʊ
727	Danish	yellow	guˀl	g uˀ l
728	Swedish	yellow	guːl	g uː l
729	Icelandic	yellow	kʏːlʏr	k ʏː l ʏ r
730	Dutch	yellow	xeːl	x eː l
731	Norwegian	yellow	gʉːl	g ʉː l
732	German	far	fɛrn	f ɛ r n
733	English	far	fɑːr	f ɑː r
734	Danish	far	fjæʁˀn	f j æ ʁˀ n
735	Swedish	far	loŋ	l o ŋ
736	Icelandic	far	laŋ	l a ŋ
737	Dutch	far	vɛr	v ɛ r
738	Norwegian	far	buʈ	b u ʈ
739	Danish	far	lɑŋˀ	l ɑ ŋˀ
740	Swedish	far	fjɛrːan	f j ɛ rː a n
741	German	heavy	ʃveːr	ʃ v eː r
742	English	heavy	hɛvɪ	h ɛ v ɪ
743	Danish	heavy	tɔŋˀ	t ɔ ŋˀ
744	Swedish	heavy	svoːr	s v oː r
745	Icelandic	heavy	θuŋkʏr	θ u ŋ k ʏ r
746	Dutch	heavy	zʋaːr	z ʋ aː r
747	Norwegian	heavy	tuŋ	t u ŋ
748	Danish	heavy	svɛˀʁ	s v ɛˀ ʁ
749	Swedish	heavy	tuŋː	t u ŋː
750	German	near	naːə	n aːə
751	English	near	nɪər	n ɪə r
752	Danish	near	nɛˀʁ	n ɛˀ ʁ
753	Swedish	near	nɛːra	n ɛː r a
754	Icelandic	near	nauː	n auː
755	Dutch	near	naːbɛɪ	n aː b ɛɪ
756	Norwegian	near	næːɾ	n æː ɾ
757	English	near	kləʊs	k l əʊ s
758	Dutch	near	dɪɣdbɛɪ	d ɪ ɣ d b ɛɪ
759	German	salt	zalt͡s	z a l t͡s
760	English	salt	sɔːlt	s ɔː l t
761	Danish	salt	salˀd	s a lˀ d
762	Swedish	salt	salːt	s a lː t
763	Icelandic	salt	sal̥t	s a l̥ t
764	Dutch	salt	zɑut	z ɑu t
765	Norwegian	salt	sɑlt	s ɑ l t
766	German	short	kʊrt͡s	k ʊ r t͡s
767	English	short	ʃɔːrt	ʃ ɔː r t
768	Danish	short	kɒːd	k ɒː d
769	Swedish	short	kɔrt	k ɔ r t
770	Icelandic	short	stʏʰtʏr	s t ʏʰ t ʏ r
771	Dutch	short	kɔrt	k ɔ r t
772	Norwegian	short	kɔʈ	k ɔ ʈ
773	German	snake	ʃlaŋə	ʃ l a ŋ ə
774	English	snake	sneɪk	s n eɪ k
775	Danish	snake	slɑŋə	s l ɑ ŋ ə
776	Swedish	snake	orːm	o rː m
777	Icelandic	snake	st͡lauŋka	s t͡l au ŋ k a
778	Dutch	snake	slɑŋ	s l ɑ ŋ
779	Norwegian	snake	ɔɾm	ɔ ɾ m
780	Norwegian	snake	ʃlɑŋə	ʃ l ɑ ŋ ə
781	German	thin	dʏn	d ʏ n
782	English	thin	θɪn	θ ɪ n
783	Danish	thin	tønˀ	t ø nˀ
784	Swedish	thin	smal	s m a l
785	Icelandic	thin	θʏnːʏr	θ ʏ nː ʏ r
786	Dutch	thin	fɛɪn	f ɛɪ n
787	Norwegian	thin	tyn	t y n
788	Danish	thin	smalˀ	s m a lˀ
789	Swedish	thin	tunː	t u nː
790	Dutch	thin	dʉn	d ʉ n
791	Norwegian	thin	smɑːl	s m ɑː l
792	German	wind	vɪnt	v ɪ n t
793	English	wind	ʋɪnd	ʋ ɪ n d
794	Danish	wind	venˀ	v e nˀ
795	Swedish	wind	vind	v i n d
796	Icelandic	wind	vɪntʏr	v ɪ n t ʏ r
797	Dutch	wind	ʋɪnt	ʋ ɪ n t
798	Norwegian	wind	ʋin	ʋ i n
799	German	worm	vʊrm	v ʊ r m
800	English	worm	ʋɜːrm	ʋ ɜː r m
801	Danish	worm	oʁˀm	o ʁˀ m
802	Swedish	worm	masːk	m a sː k
803	Icelandic	worm	ɔrmʏr	ɔ r m ʏ r
804	Dutch	worm	ʋɔrm	ʋ ɔ r m
805	Norwegian	worm	mɑɾk	m ɑ ɾ k
806	Icelandic	worm	maθkʏr	m a θ k ʏ r
807	Dutch	worm	maːdə	m aː d ə
808	German	year	jaːr	j aː r
809	English	year	jɪər	j ɪə r
810	Danish	year	ɒˀʁ	ɒˀ ʁ
811	Swedish	year	oːr	oː r
812	Icelandic	year	auːr	auː r
813	Dutch	year	jaːr	j aː r
814	Norwegian	year	oːɾ	oː ɾ
