ID	DOCULECT	CONCEPT	GLOSSID	IPA	TOKENS	COGID	ALIGNMENT	PROSTRING
295	German	I	42	ɪx	ɪ x	65	- ɪ x	XN
296	English	I	42	aɪ	aɪ	65	- aɪ -	X
297	Danish	I	42	jɑj	j ɑ j	65	j ɑ j	AXN
298	Swedish	I	42	jaːg	j aː g	65	j aː g	AXN
299	Icelandic	I	42	jɛɣ	j ɛ ɣ	65	j ɛ ɣ	AXN
300	Dutch	I	42	ɪk	ɪ k	65	- ɪ k	XN
301	Norwegian	I	42	jæj	j æ j	65	j æ j	AXN
1	German	all	1	al	a l	1	a l - -	XN
2	English	all	1	ɔːl	ɔː l	1	ɔː l - -	XN
3	Danish	all	1	æˀl	æˀ l	1	æˀ l - -	XN
4	Swedish	all	1	alː	a lː	1	a lː - -	XN
5	Icelandic	all	1	at͡lir	a t͡l i r	1	a t͡l i r	XBYN
6	Dutch	all	1	ɑlə	ɑ l ə	1	ɑ l ə -	XBZ
7	Norwegian	all	1	ɑlə	ɑ l ə	1	ɑ l ə -	XBZ
8	German	ashes	2	aʃə	a ʃ ə	2	a ʃ - ə	XBZ
9	English	ashes	2	æʃ	æ ʃ	2	æ ʃ - -	XN
10	Danish	ashes	2	asg	a s g	2	a s g -	XLN
11	Swedish	ashes	2	asːka	a sː k a	2	a sː k a	XMBZ
12	Icelandic	ashes	2	aska	a s k a	2	a s k a	XMBZ
13	Dutch	ashes	2	ɑs	ɑ s	2	ɑ s - -	XN
14	Norwegian	ashes	2	ɑsk	ɑ s k	-2	ɑ s k -	XLN
15	German	bark	3	rɪndə	r ɪ n d ə	5	r ɪ n d ə	AXMBZ
16	English	bark	3	bɑːrk	b ɑː r k	-4	b ɑː r k - -	AXLN
17	Danish	bark	3	bɑːg	b ɑː g	4	b ɑː - g - -	AXN
18	Swedish	bark	3	barːk	b a rː k	4	b a rː k - -	AXLN
19	Icelandic	bark	3	bœrkʏr	b œ r k ʏ r	4	b œ r k ʏ r	AXMBYN
20	Dutch	bark	3	bɑst	b ɑ s t	3	b ɑ s t	AXLN
21	Norwegian	bark	3	bɑɾk	b ɑ ɾ k	-4	b ɑ ɾ k - -	AXLN
22	German	belly	4	baux	b au x	7	b au x	AXN
23	English	belly	4	bɛlɪ	b ɛ l ɪ	8	b ɛ l ɪ	AXBZ
24	Danish	belly	4	ɔnʌliwˀ	ɔ n ʌ l i wˀ	6	ɔ n ʌ l i wˀ	XBYBYN
25	Swedish	belly	4	maːge	m aː g e	9	m aː g e	AXBZ
26	Icelandic	belly	4	kʰvɪːðʏr	kʰ v ɪː ð ʏ r	10	kʰ v ɪː ð ʏ r	ACXBYN
27	Dutch	belly	4	bœyk	b œy k	7	b œy k	AXN
28	Norwegian	belly	4	mɑːgə	m ɑː g ə	9	m ɑː g ə	AXBZ
29	Danish	belly	4	mæːvə	m æː v ə	9	m æː v ə	AXBZ
30	Swedish	belly	4	buk	b u k	7	b u k	AXN
31	Norwegian	belly	4	bʉːk	b ʉː k	7	b ʉː k	AXN
32	German	big	5	ɡroːs	ɡ r oː s	13	ɡ r oː s	ACXN
33	English	big	5	bɪɡ	b ɪ ɡ	12	b ɪ ɡ	AXN
34	Danish	big	5	sdoˀʁ	s d oˀ ʁ	11	s d oˀ ʁ	ACYN
35	Swedish	big	5	stoːr	s t oː r	11	s t oː r	ACYN
36	Icelandic	big	5	stouːr	s t ouː r	11	s t ouː r	ACYN
37	Dutch	big	5	xroːt	x r oː t	13	x r oː t	ACXN
38	Norwegian	big	5	stuːɾ	s t uː ɾ	-11	s t uː ɾ	ACYN
39	English	big	5	ɡreɪt	ɡ r eɪ t	13	ɡ r eɪ t	ACXN
40	Icelandic	big	5	mɪːcɪt͡l	m ɪː c ɪ t͡l	14	m ɪː c ɪ t͡l	AXBYN
41	German	bird	6	foːɡəl	f oː ɡ ə l	16	f oː ɡ ə l	AXBYN
42	English	bird	6	bɜːrd	b ɜː r d	15	b ɜː r d	AXLN
43	Danish	bird	6	fuˀl	f uˀ l	16	f uˀ - - l	AXN
44	Swedish	bird	6	foːgel	f oː g e l	16	f oː g e l	AXBYN
45	Icelandic	bird	6	fʏkl	f ʏ k l	16	f ʏ k - l	AXBC
46	Dutch	bird	6	voːɣəl	v oː ɣ ə l	16	v oː ɣ ə l	AXBYN
47	Norwegian	bird	6	fʉːl	f ʉː l	16	f ʉː - - l	AXN
48	German	bite (V)	7	baisən	b ai s ə n	17	b ai s ə n	AXBYN
49	English	bite (V)	7	baɪt	b aɪ t	17	b aɪ t - -	AXN
50	Danish	bite (V)	7	biːðə	b iː ð ə	17	b iː ð ə -	AXBZ
51	Swedish	bite (V)	7	biːta	b iː t a	17	b iː t a -	AXBZ
52	Icelandic	bite (V)	7	piːta	p iː t a	17	p iː t a -	AXBZ
53	Dutch	bite (V)	7	bɛɪtə	b ɛɪ t ə	17	b ɛɪ t ə -	AXBZ
54	Norwegian	bite (V)	7	biːtə	b iː t ə	17	b iː t ə -	AXBZ
55	German	black	8	ʃvart͡s	ʃ v a r t͡s	19	ʃ v a r t͡s - -	ACYLN
56	English	black	8	blæk	b l æ k	18	b l æ k	ACXN
57	Danish	black	8	sɒːd	s ɒː d	19	s - ɒː - d - -	AXN
58	Swedish	black	8	svartː	s v a r tː	19	s v a r tː - -	ACYLN
59	Icelandic	black	8	svar̥tʏr	s v a r̥ t ʏ r	19	s v a r̥ t ʏ r	ACYMBYN
60	Dutch	black	8	zʋɑrt	z ʋ ɑ r t	19	z ʋ ɑ r t - -	ACXLN
61	Norwegian	black	8	sɔʈ	s ɔ ʈ	19	s - ɔ - ʈ - -	AXN
62	German	blood	9	bluːt	b l uː t	20	b l uː t	ACXN
63	English	blood	9	blʌd	b l ʌ d	20	b l ʌ d	ACXN
64	Danish	blood	9	bloˀð	b l oˀ ð	20	b l oˀ ð	ACXN
65	Swedish	blood	9	bloːd	b l oː d	20	b l oː d	ACXN
66	Icelandic	blood	9	plouːθ	p l ouː θ	20	p l ouː θ	ACXN
67	Dutch	blood	9	bluːt	b l uː t	20	b l uː t	ACXN
68	Norwegian	blood	9	bluː	b l uː	20	b l uː -	ACX
69	German	bone	10	knɔxən	k n ɔ x ə n	22	k n ɔ x ə n	ACXBYN
70	English	bone	10	bəʊn	b əʊ n	21	b əʊ n	AXN
71	Danish	bone	10	beˀn	b eˀ n	21	b eˀ n	AXN
72	Swedish	bone	10	beːn	b eː n	21	b eː n	AXN
73	Icelandic	bone	10	peiːn	p eiː n	21	p eiː n	AXN
74	Dutch	bone	10	beːn	b eː n	21	b eː n	AXN
75	Norwegian	bone	10	beːn	b eː n	21	b eː n	AXN
76	German	breast	11	brʊst	b r ʊ s t	23	b - r - ʊ s t	ACXLN
77	English	breast	11	brɛst	b r ɛ s t	23	b - r - ɛ s t	ACXLN
78	Danish	breast	11	bʁœsd	b ʁ œ s d	23	b - ʁ - œ s d	ACXLN
79	Swedish	breast	11	brøst	b r ø s t	23	b - r - ø s t	ACXLN
80	Icelandic	breast	11	b̥rjousd̥	b̥ r j ou s d̥	23	b̥ - r j ou s d̥	ACCXLN
81	Dutch	breast	11	bɔrst	b ɔ r s t	23	b ɔ r - - s t	AXLLN
82	Norwegian	breast	11	bɾyst	b ɾ y s t	-23	b - ɾ - y s t	ACXLN
83	German	burn (V)	12	brɛnən	b r ɛ n ə n	24	b - r ɛ - n - ə n	ACXBYN
84	English	burn (V)	12	bɜːrn	b ɜː r n	24	b ɜː r - - n - - -	AXLN
85	Danish	burn (V)	12	bʁanə	b ʁ a n ə	24	b - ʁ a - n - ə -	ACXBZ
86	Swedish	burn (V)	12	brɛnːa	b r ɛ nː a	24	b - r ɛ - nː - a -	ACXBZ
87	Icelandic	burn (V)	12	b̥rɛtna	b̥ r ɛ t n a	24	b̥ - r ɛ t n - a -	ACXBCZ
88	Dutch	burn (V)	12	brɑndə	b r ɑ n d ə	24	b - r ɑ - n d ə -	ACXMBZ
89	Norwegian	burn (V)	12	bɾenə	b ɾ e n ə	24	b - ɾ e - n - ə -	ACXBZ
90	German	claw	13	naːɡəl	n aː ɡ ə l	25	n aː ɡ ə l	AXBYN
91	English	claw	13	neɪl	n eɪ l	25	n eɪ - - l	AXN
92	Danish	claw	13	nɑjˀl	n ɑ jˀ l	25	n ɑ jˀ - l	AXLN
93	Swedish	claw	13	naːgel	n aː g e l	25	n aː g e l	AXBYN
94	Icelandic	claw	13	nakl	n a k l	25	n a k - l	AXBC
95	Dutch	claw	13	naːɣəl	n aː ɣ ə l	25	n aː ɣ ə l	AXBYN
96	Norwegian	claw	13	næjl	n æ j l	25	n æ j - l	AXLN
97	German	cloud	14	vɔlkə	v ɔ l k ə	26	v ɔ l k ə	AXMBZ
98	English	cloud	14	klaʊd	k l aʊ d	29	k l aʊ d	ACXN
99	Danish	cloud	14	sgyˀ	s g yˀ	28	s g yˀ	ACZ
100	Swedish	cloud	14	ɧyː	ɧ yː	28	ɧ - yː	AX
101	Icelandic	cloud	14	sciː	s c iː	28	s c iː	ACZ
102	Dutch	cloud	14	ʋɔlk	ʋ ɔ l k	26	ʋ ɔ l k -	AXLN
103	Norwegian	cloud	14	ʃyː	ʃ yː	-28	ʃ - yː	AX
104	Swedish	cloud	14	moːln	m oː l n	27	m oː l n	AXLN
105	German	cold	15	kalt	k a l t	30	k a l t - -	AXLN
106	English	cold	15	kəʊld	k əʊ l d	30	k əʊ l d - -	AXLN
107	Danish	cold	15	kʌlˀ	k ʌ lˀ	30	k ʌ lˀ - - -	AXN
108	Swedish	cold	15	kalː	k a lː	30	k a lː - - -	AXN
109	Icelandic	cold	15	kʰaltʏr	kʰ a l t ʏ r	30	kʰ a l t ʏ r	AXMBYN
110	Dutch	cold	15	kɑut	k ɑu t	30	k ɑu - t - -	AXN
111	Norwegian	cold	15	kɑl	k ɑ l	-30	k ɑ l - - -	AXN
112	German	come (V)	16	kɔmən	k ɔ m ə n	31	- - k ɔ m ə n	AXBYN
113	English	come (V)	16	kʌm	k ʌ m	31	- - k ʌ m - -	AXN
114	Danish	come (V)	16	kʌmə	k ʌ m ə	31	- - k ʌ m ə -	AXBZ
115	Swedish	come (V)	16	komːa	k o mː a	31	- - k o mː a -	AXBZ
116	Icelandic	come (V)	16	kʰɔːma	kʰ ɔː m a	31	- - kʰ ɔː m a -	AXBZ
117	Dutch	come (V)	16	aːŋkoːmə	aː ŋ k oː m ə	31	aː ŋ k oː m ə -	XMBYBZ
118	Norwegian	come (V)	16	kɔmə	k ɔ m ə	31	- - k ɔ m ə -	AXBZ
119	German	die (V)	17	ʃtɛrbən	ʃ t ɛ r b ə n	32	ʃ t ɛ r b ə n	ACYMBYN
120	English	die (V)	17	daɪ	d aɪ	-33	d aɪ - -	AX
121	Danish	die (V)	17	døˀ	d øˀ	33	d øˀ - -	AX
122	Swedish	die (V)	17	dø	d ø	33	d ø - -	AX
123	Icelandic	die (V)	17	teiːja	t eiː j a	33	t eiː j a	AXBZ
124	Dutch	die (V)	17	stɛrvə	s t ɛ r v ə	32	s t ɛ r v ə -	ACYMBZ
125	Norwegian	die (V)	17	døː	d øː	33	d øː - -	AX
126	German	dog	18	hʊnt	h ʊ n t	35	h ʊ n t - -	AXLN
127	English	dog	18	dɔɡ	d ɔ ɡ	34	d ɔ ɡ	AXN
128	Danish	dog	18	hunˀ	h u nˀ	35	h u nˀ - - -	AXN
129	Swedish	dog	18	hunːd	h u nː d	35	h u nː d - -	AXLN
130	Icelandic	dog	18	hʏntʏr	h ʏ n t ʏ r	35	h ʏ n t ʏ r	AXMBYN
131	Dutch	dog	18	hɔnt	h ɔ n t	35	h ɔ n t - -	AXLN
132	Norwegian	dog	18	hʉn	h ʉ n	-35	h ʉ n - - -	AXN
133	German	drink (V)	19	trɪŋkən	t r ɪ ŋ k ə n	36	t r ɪ ŋ k ə n	ACXMBYN
134	English	drink (V)	19	drɪŋk	d r ɪ ŋ k	36	d r ɪ ŋ k - -	ACXLN
135	Danish	drink (V)	19	dʁɛgə	d ʁ ɛ g ə	36	d ʁ ɛ - g ə -	ACXBZ
136	Swedish	drink (V)	19	drikːa	d r i kː a	36	d r i - kː a -	ACXBZ
137	Icelandic	drink (V)	19	trɛʰka	t r ɛʰ k a	36	t r ɛʰ - k a -	ACXBZ
138	Dutch	drink (V)	19	drɪŋkə	d r ɪ ŋ k ə	36	d r ɪ ŋ k ə -	ACXMBZ
139	Norwegian	drink (V)	19	dɾikə	d ɾ i k ə	-36	d ɾ i - k ə -	ACXBZ
140	German	dry	20	trɔkən	t r ɔ k ə n	38	t r ɔ k ə n	ACXBYN
141	English	dry	20	draɪ	d r aɪ	38	d r aɪ - - -	ACX
142	Danish	dry	20	tɶˀʁ	t ɶˀ ʁ	37	t ɶˀ ʁ	AXN
143	Swedish	dry	20	torː	t o rː	37	t o rː	AXN
144	Icelandic	dry	20	θʏrː	θ ʏ rː	37	θ ʏ rː	AXN
145	Dutch	dry	20	droːx	d r oː x	38	d r oː x - -	ACXN
146	Norwegian	dry	20	tœɾ	t œ ɾ	37	t œ ɾ	AXN
147	German	ear	21	oːr	oː r	39	oː r -	XN
148	English	ear	21	ɪər	ɪə r	39	ɪə r -	XN
149	Danish	ear	21	øːʌ	øːʌ	39	øːʌ - -	X
150	Swedish	ear	21	øːra	øː r a	39	øː r a	XBZ
151	Icelandic	ear	21	eiːra	eiː r a	39	eiː r a	XBZ
152	Dutch	ear	21	oːr	oː r	39	oː r -	XN
153	Norwegian	ear	21	øːɾə	øː ɾ ə	39	øː ɾ ə	XBZ
154	German	earth	22	eːrdə	eː r d ə	40	- eː r d ə	XMBZ
155	English	earth	22	ɜːrθ	ɜː r θ	40	- ɜː r θ -	XLN
156	Danish	earth	22	joˀʁ	j oˀ ʁ	40	j oˀ ʁ - -	AXN
157	Swedish	earth	22	joːrd	j oː r d	40	j oː r d -	AXLN
158	Icelandic	earth	22	jœrð	j œ r ð	40	j œ r ð -	AXLN
159	Dutch	earth	22	aːrdə	aː r d ə	40	- aː r d ə	XMBZ
160	Norwegian	earth	22	juːɾ	j uː ɾ	-40	j uː ɾ - -	AXN
161	German	eat (V)	23	ɛsən	ɛ s ə n	42	ɛ s ə n	XBYN
162	English	eat (V)	23	iːt	iː t	42	iː t - -	XN
163	Danish	eat (V)	23	sbiːsə	s b iː s ə	-41	s b iː s ə	ACYBZ
164	Swedish	eat (V)	23	ɛːta	ɛː t a	42	ɛː t a -	XBZ
165	Icelandic	eat (V)	23	pɔrða	p ɔ r ð a	43	p ɔ r ð a	AXMBZ
166	Dutch	eat (V)	23	eːtə	eː t ə	42	eː t ə -	XBZ
167	Norwegian	eat (V)	23	spiːsə	s p iː s ə	-41	s p iː s ə	ACYBZ
168	German	egg	24	ai	ai	44	ai -	X
169	English	egg	24	ɛɡ	ɛ ɡ	44	ɛ ɡ	XN
170	Danish	egg	24	ɛˀg	ɛˀ g	44	ɛˀ g	XN
171	Swedish	egg	24	egː	e gː	44	e gː	XN
172	Icelandic	egg	24	ɛkː	ɛ kː	44	ɛ kː	XN
173	Dutch	egg	24	ɛɪ	ɛɪ	44	ɛɪ -	X
174	Norwegian	egg	24	eg	e g	44	e g	XN
175	German	eye	25	auɡə	au ɡ ə	45	au ɡ ə	XBZ
176	English	eye	25	aɪ	aɪ	45	aɪ - -	X
177	Danish	eye	25	ʌjə	ʌ j ə	45	ʌ j ə	XBZ
178	Swedish	eye	25	øːga	øː g a	45	øː g a	XBZ
179	Icelandic	eye	25	øyːɣa	øyː ɣ a	45	øyː ɣ a	XBZ
180	Dutch	eye	25	oːx	oː x	45	oː x -	XN
181	Norwegian	eye	25	œjə	œ j ə	45	œ j ə	XBZ
732	German	far	101	fɛrn	f ɛ r n	163	f - ɛ r - n	AXLN
733	English	far	101	fɑːr	f ɑː r	163	f - ɑː r - -	AXN
734	Danish	far	101	fjæʁˀn	f j æ ʁˀ n	163	f j æ ʁˀ - n	ACXLN
735	Swedish	far	101	loŋ	l o ŋ	162	l o ŋ	AXN
736	Icelandic	far	101	laŋ	l a ŋ	162	l a ŋ	AXN
737	Dutch	far	101	vɛr	v ɛ r	163	v - ɛ r - -	AXN
738	Norwegian	far	101	buʈ	b u ʈ	162	b u ʈ	AXN
739	Danish	far	101	lɑŋˀ	l ɑ ŋˀ	162	l ɑ ŋˀ	AXN
740	Swedish	far	101	fjɛrːan	f j ɛ rː a n	163	f j ɛ rː a n	ACXBYN
182	German	fat	26	fɛt	f ɛ t	-46	f ɛ t -	AXN
183	English	fat	26	fæt	f æ t	46	f æ t -	AXN
184	Danish	fat	26	fed	f e d	46	f e d -	AXN
185	Swedish	fat	26	fɛt	f ɛ t	46	f ɛ t -	AXN
186	Icelandic	fat	26	fɪːta	f ɪː t a	46	f ɪː t a	AXBZ
187	Dutch	fat	26	vɛt	v ɛ t	46	v ɛ t -	AXN
188	Norwegian	fat	26	fet	f e t	-46	f e t -	AXN
189	German	feather	27	feːdər	f eː d ə r	47	f - eː d ə r	AXBYN
190	English	feather	27	fɛðər	f ɛ ð ə r	47	f - ɛ ð ə r	AXBYN
191	Danish	feather	27	fjeðˀʌ	f j e ðˀ ʌ	47	f j e ðˀ ʌ -	ACXBZ
192	Swedish	feather	27	fjɛːder	f j ɛː d e r	47	f j ɛː d e r	ACXBYN
193	Icelandic	feather	27	fjœːðʏr	f j œː ð ʏ r	47	f j œː ð ʏ r	ACXBYN
194	Dutch	feather	27	veːr	v eː r	47	v - eː - - r	AXN
195	Norwegian	feather	27	fjæːɾ	f j æː ɾ	47	f j æː - - ɾ	ACXN
196	German	fire	28	fɔyər	f ɔyə r	48	f ɔyə r	AXN
197	English	fire	28	faɪər	f aɪə r	48	f aɪə r	AXN
198	Danish	fire	28	ilˀ	i lˀ	50	i lˀ - - -	XN
199	Swedish	fire	28	elːd	e lː d	50	e lː d - -	XLN
200	Icelandic	fire	28	ɛltʏr	ɛ l t ʏ r	50	ɛ l t ʏ r	XMBYN
201	Dutch	fire	28	vyːr	v yː r	48	v yː r	AXN
202	Norwegian	fire	28	ʋɑɾmə	ʋ ɑ ɾ m ə	49	ʋ ɑ ɾ m ə	AXMBZ
203	Norwegian	fire	28	il	i l	50	i l - - -	XN
204	German	fish	29	fɪʃ	f ɪ ʃ	51	f ɪ ʃ - - -	AXN
205	English	fish	29	fɪʃ	f ɪ ʃ	51	f ɪ ʃ - - -	AXN
206	Danish	fish	29	fesg	f e s g	51	f e s g - -	AXLN
207	Swedish	fish	29	fisːk	f i sː k	51	f i sː k - -	AXLN
208	Icelandic	fish	29	fɪskʏr	f ɪ s k ʏ r	51	f ɪ s k ʏ r	AXMBYN
209	Dutch	fish	29	vɪs	v ɪ s	51	v ɪ s - - -	AXN
210	Norwegian	fish	29	fisk	f i s k	51	f i s k - -	AXLN
211	German	fly (V)	30	fliːɡən	f l iː ɡ ə n	52	f l iː ɡ ə n	ACXBYN
212	English	fly (V)	30	flaɪ	f l aɪ	52	f l - - aɪ -	ACX
213	Danish	fly (V)	30	flyːvə	f l yː v ə	52	f l yː v ə -	ACXBZ
214	Swedish	fly (V)	30	flʉga	f l ʉ g a	52	f l ʉ g a -	ACXBZ
215	Icelandic	fly (V)	30	fljuːa	f l j uːa	52	f l - j uːa -	ACCX
216	Dutch	fly (V)	30	vliːɣə	v l iː ɣ ə	52	v l iː ɣ ə -	ACXBZ
217	Norwegian	fly (V)	30	flyː	f l yː	52	f l - - yː -	ACX
218	German	foot	31	fuːs	f uː s	53	f uː s - -	AXN
219	English	foot	31	fʊt	f ʊ t	53	f ʊ t - -	AXN
220	Danish	foot	31	foˀð	f oˀ ð	53	f oˀ ð - -	AXN
221	Swedish	foot	31	foːt	f oː t	53	f oː t - -	AXN
222	Icelandic	foot	31	fouːtʏr	f ouː t ʏ r	53	f ouː t ʏ r	AXBYN
223	Dutch	foot	31	vuːt	v uː t	53	v uː t - -	AXN
224	Norwegian	foot	31	fuːt	f uː t	53	f uː t - -	AXN
225	German	full	32	fɔl	f ɔ l	54	f ɔ - - l	AXN
226	English	full	32	fʊl	f ʊ l	54	f ʊ - - l	AXN
227	Danish	full	32	fulˀ	f u lˀ	54	f u - - lˀ	AXN
228	Swedish	full	32	fulː	f u lː	54	f u - - lː	AXN
229	Icelandic	full	32	fʏt͡lʏr	f ʏ t͡l ʏ r	54	f ʏ t͡l ʏ r	AXBYN
230	Dutch	full	32	vɔl	v ɔ l	54	v ɔ - - l	AXN
231	Norwegian	full	32	fʉl	f ʉ l	54	f ʉ - - l	AXN
232	German	give (V)	33	ɡeːbən	ɡ eː b ə n	55	ɡ eː b ə n	AXBYN
233	English	give (V)	33	ɡɪv	ɡ ɪ v	55	ɡ ɪ v - -	AXN
234	Danish	give (V)	33	giˀ	g iˀ	55	g iˀ - - -	AX
235	Swedish	give (V)	33	jiːva	j iː v a	55	j iː v a -	AXBZ
236	Icelandic	give (V)	33	cɛːva	c ɛː v a	55	c ɛː v a -	AXBZ
237	Dutch	give (V)	33	xeːvə	x eː v ə	55	x eː v ə -	AXBZ
238	Norwegian	give (V)	33	jiː	j iː	55	j iː - - -	AX
239	German	good	34	ɡuːt	ɡ uː t	56	ɡ uː t - -	AXN
240	English	good	34	ɡʊd	ɡ ʊ d	56	ɡ ʊ d - -	AXN
241	Danish	good	34	goˀ	g oˀ	56	g oˀ - - -	AX
242	Swedish	good	34	guːd	g uː d	56	g uː d - -	AXN
243	Icelandic	good	34	kouːðʏr	k ouː ð ʏ r	56	k ouː ð ʏ r	AXBYN
244	Dutch	good	34	xuːt	x uː t	56	x uː t - -	AXN
245	Norwegian	good	34	guː	g uː	56	g uː - - -	AX
246	German	green	35	ɡryːn	ɡ r yː n	57	ɡ r yː n	ACXN
247	English	green	35	ɡriːn	ɡ r iː n	57	ɡ r iː n	ACXN
248	Danish	green	35	gʁɶnˀ	g ʁ ɶ nˀ	57	g ʁ ɶ nˀ	ACXN
249	Swedish	green	35	grøːn	g r øː n	57	g r øː n	ACXN
250	Icelandic	green	35	krait͡n	k r ai t͡n	57	k r ai t͡n	ACXN
251	Dutch	green	35	xruːn	x r uː n	57	x r uː n	ACXN
252	Norwegian	green	35	gɾœn	g ɾ œ n	57	g ɾ œ n	ACXN
253	German	hair	36	haːr	h aː r	58	h aː r	AXN
254	English	hair	36	hɛər	h ɛə r	58	h ɛə r	AXN
255	Danish	hair	36	hɒˀ	h ɒˀ	58	h ɒˀ -	AX
256	Swedish	hair	36	hoːr	h oː r	58	h oː r	AXN
257	Icelandic	hair	36	hauːr	h auː r	58	h auː r	AXN
258	Dutch	hair	36	haːr	h aː r	58	h aː r	AXN
259	Norwegian	hair	36	hoːɾ	h oː ɾ	58	h oː ɾ	AXN
260	German	hand	37	hant	h a n t	59	h a n t	AXLN
261	English	hand	37	hænd	h æ n d	59	h æ n d	AXLN
262	Danish	hand	37	hʌnˀ	h ʌ nˀ	59	h ʌ nˀ -	AXN
263	Swedish	hand	37	hanːd	h a nː d	59	h a nː d	AXLN
264	Icelandic	hand	37	hœnt	h œ n t	59	h œ n t	AXLN
265	Dutch	hand	37	hɑnt	h ɑ n t	59	h ɑ n t	AXLN
266	Norwegian	hand	37	hɔn	h ɔ n	-59	h ɔ n -	AXN
267	German	head	38	kɔp͡f	k ɔ p͡f	-60	k ɔ p͡f	AXN
268	English	head	38	hɛd	h ɛ d	61	h ɛ - - d -	AXN
269	Danish	head	38	hoːəð	h oːə ð	61	h oːə - - ð -	AXN
270	Swedish	head	38	huːvud	h uː v u d	61	h uː v u d -	AXBYN
271	Icelandic	head	38	hœvʏð	h œ v ʏ ð	61	h œ v ʏ ð -	AXBYN
272	Dutch	head	38	hoːft	h oː f t	61	h oː f - t -	AXLN
273	Norwegian	head	38	huːdə	h uː d ə	61	h uː - - d ə	AXBZ
274	German	hear (V)	39	høːrən	h øː r ə n	62	h øː r ə n	AXBYN
275	English	hear (V)	39	hɪər	h ɪə r	62	h ɪə r - -	AXN
276	Danish	hear (V)	39	høːʌ	h øːʌ	62	h øːʌ - - -	AX
277	Swedish	hear (V)	39	høːra	h øː r a	62	h øː r a -	AXBZ
278	Icelandic	hear (V)	39	heiːra	h eiː r a	62	h eiː r a -	AXBZ
279	Dutch	hear (V)	39	hoːrə	h oː r ə	62	h oː r ə -	AXBZ
280	Norwegian	hear (V)	39	høːɾə	h øː ɾ ə	62	h øː ɾ ə -	AXBZ
281	German	heart	40	hɛrt͡s	h ɛ r t͡s	63	h ɛ r t͡s -	AXLN
282	English	heart	40	hɑːrt	h ɑː r t	63	h ɑː r t -	AXLN
283	Danish	heart	40	jæʁdə	j æ ʁ d ə	63	j æ ʁ d ə	AXMBZ
284	Swedish	heart	40	jɛrta	j ɛ r t a	63	j ɛ r t a	AXMBZ
285	Icelandic	heart	40	çar̥ta	ç a r̥ t a	63	ç a r̥ t a	AXMBZ
286	Dutch	heart	40	hɑrt	h ɑ r t	63	h ɑ r t -	AXLN
287	Norwegian	heart	40	jæʈə	j æ ʈ ə	-63	j æ - ʈ ə	AXBZ
741	German	heavy	102	ʃveːr	ʃ v eː r	164	ʃ v eː r	ACYN
742	English	heavy	102	hɛvɪ	h ɛ v ɪ	165	h ɛ v ɪ	AXBZ
743	Danish	heavy	102	tɔŋˀ	t ɔ ŋˀ	166	t ɔ ŋˀ - - -	AXN
744	Swedish	heavy	102	svoːr	s v oː r	164	s v oː r	ACYN
745	Icelandic	heavy	102	θuŋkʏr	θ u ŋ k ʏ r	166	θ u ŋ k ʏ r	AXMBYN
746	Dutch	heavy	102	zʋaːr	z ʋ aː r	164	z ʋ aː r	ACXN
747	Norwegian	heavy	102	tuŋ	t u ŋ	166	t u ŋ - - -	AXN
748	Danish	heavy	102	svɛˀʁ	s v ɛˀ ʁ	164	s v ɛˀ ʁ	ACYN
749	Swedish	heavy	102	tuŋː	t u ŋː	166	t u ŋː - - -	AXN
288	German	horn	41	hɔrn	h ɔ r n	64	h ɔ r n	AXLN
289	English	horn	41	hɔːrn	h ɔː r n	64	h ɔː r n	AXLN
290	Danish	horn	41	hoʁˀn	h o ʁˀ n	64	h o ʁˀ n	AXLN
291	Swedish	horn	41	hoːrn	h oː r n	64	h oː r n	AXLN
292	Icelandic	horn	41	hɔrt͡n	h ɔ r t͡n	64	h ɔ r t͡n	AXLN
293	Dutch	horn	41	hoːrn	h oː r n	64	h oː r n	AXLN
294	Norwegian	horn	41	huːɳ	h uː ɳ	64	h uː - ɳ	AXN
302	German	kill (V)	43	tøːtən	t øː t ə n	67	t øː t ə n	AXBYN
303	English	kill (V)	43	kɪl	k ɪ l	68	k ɪ l	AXN
304	Danish	kill (V)	43	dʁɛːbə	d ʁ ɛː b ə	66	d ʁ ɛː b ə	ACXBZ
305	Swedish	kill (V)	43	døːda	d øː d a	67	d øː d a -	AXBZ
306	Icelandic	kill (V)	43	trɛːpa	t r ɛː p a	66	t r ɛː p a	ACXBZ
307	Dutch	kill (V)	43	doːdə	d oː d ə	67	d oː d ə -	AXBZ
308	Norwegian	kill (V)	43	dɾeːpə	d ɾ eː p ə	66	d ɾ eː p ə	ACXBZ
309	Swedish	kill (V)	43	drɛpa	d r ɛ p a	66	d r ɛ p a	ACXBZ
310	German	knee	44	kniː	k n iː	69	k n iː	ACX
311	English	knee	44	niː	n iː	69	- n iː	AX
312	Danish	knee	44	knɛˀ	k n ɛˀ	69	k n ɛˀ	ACX
313	Swedish	knee	44	knɛː	k n ɛː	69	k n ɛː	ACX
314	Icelandic	knee	44	kʰniɛː	kʰ n iɛː	69	kʰ n iɛː	ACX
315	Dutch	knee	44	kniː	k n iː	69	k n iː	ACX
316	Norwegian	knee	44	kneː	k n eː	69	k n eː	ACX
317	German	know (V)	45	vɪsən	v ɪ s ə n	70	v ɪ s ə n	AXBYN
318	English	know (V)	45	nəʊ	n əʊ	71	- - n əʊ -	AX
319	Danish	know (V)	45	viːðə	v iː ð ə	70	v iː ð ə -	AXBZ
320	Swedish	know (V)	45	ɕɛnna	ɕ ɛ nː a	71	ɕ ɛ nː a -	AXBZ
321	Icelandic	know (V)	45	vɪːta	v ɪː t a	70	v ɪː t a -	AXBZ
322	Dutch	know (V)	45	ʋeːtə	ʋ eː t ə	70	ʋ eː t ə -	AXBZ
323	Norwegian	know (V)	45	ʋiːtə	ʋ iː t ə	70	ʋ iː t ə -	AXBZ
324	German	know (V)	45	kɛnən	k ɛ n ə n	71	k ɛ n ə n	AXBYN
325	Danish	know (V)	45	kɛnə	k ɛ n ə	71	k ɛ n ə -	AXBZ
326	Swedish	know (V)	45	veta	v e t a	70	v e t a -	AXBZ
327	Dutch	know (V)	45	kɛnə	k ɛ n ə	71	k ɛ n ə -	AXBZ
328	Norwegian	know (V)	45	çenə	ç e n ə	71	ç e n ə -	AXBZ
329	German	leaf	46	blat	b l a t	72	b l a t	ACXN
330	English	leaf	46	liːf	l iː f	73	l iː f	AXN
331	Danish	leaf	46	blað	b l a ð	72	b l a ð	ACXN
332	Swedish	leaf	46	blad	b l a d	72	b l a d	ACXN
333	Icelandic	leaf	46	plaːð	p l aː ð	72	p l aː ð	ACXN
334	Dutch	leaf	46	blɑt	b l ɑ t	72	b l ɑ t	ACXN
335	Norwegian	leaf	46	blɑː	b l ɑː	-72	b l ɑː -	ACX
336	Swedish	leaf	46	blad	b l a d	72	b l a d	ACXN
337	Icelandic	leaf	46	løyːv	l øyː v	73	l øyː v	AXN
338	Norwegian	leaf	46	løːʋ	l øː ʋ	73	l øː ʋ	AXN
339	German	lie (V)	47	liːɡən	l iː ɡ ə n	74	l iː ɡ ə n	AXBYN
340	English	lie (V)	47	laɪ	l aɪ	74	l - - aɪ -	AX
341	Danish	lie (V)	47	legə	l e g ə	74	l e g ə -	AXBZ
342	Swedish	lie (V)	47	ligːa	l i gː a	74	l i gː a -	AXBZ
343	Icelandic	lie (V)	47	lɪcːa	l ɪ cː a	74	l ɪ cː a -	AXBZ
344	Dutch	lie (V)	47	lɪɣə	l ɪ ɣ ə	74	l ɪ ɣ ə -	AXBZ
345	Norwegian	lie (V)	47	ligə	l i g ə	74	l i g ə -	AXBZ
346	German	liver	48	leːbər	l eː b ə r	75	l eː b ə r	AXBYN
347	English	liver	48	lɪvər	l ɪ v ə r	75	l ɪ v ə r	AXBYN
348	Danish	liver	48	lewˀʌ	l e wˀ ʌ	75	l e wˀ ʌ -	AXBZ
349	Swedish	liver	48	leːver	l eː v e r	75	l eː v e r	AXBYN
350	Icelandic	liver	48	lɪːvʏr	l ɪː v ʏ r	75	l ɪː v ʏ r	AXBYN
351	Dutch	liver	48	leːvər	l eː v ə r	75	l eː v ə r	AXBYN
352	Norwegian	liver	48	leʋəɾ	l e ʋ ə ɾ	-75	l e ʋ ə ɾ	AXBYN
353	German	long	49	laŋ	l a ŋ	76	l a ŋ - - -	AXN
354	English	long	49	lɔŋ	l ɔ ŋ	76	l ɔ ŋ - - -	AXN
355	Danish	long	49	lɑŋˀ	l ɑ ŋˀ	76	l ɑ ŋˀ - - -	AXN
356	Swedish	long	49	loŋː	l o ŋː	76	l o ŋː - - -	AXN
357	Icelandic	long	49	laŋkʏr	l a ŋ k ʏ r	76	l a ŋ k ʏ r	AXMBYN
358	Dutch	long	49	lɑŋ	l ɑ ŋ	76	l ɑ ŋ - - -	AXN
359	Norwegian	long	49	lɑŋ	l ɑ ŋ	76	l ɑ ŋ - - -	AXN
360	German	louse	50	laus	l au s	77	l au s	AXN
361	English	louse	50	laʊs	l aʊ s	77	l aʊ s	AXN
362	Danish	louse	50	luˀs	l uˀ s	77	l uˀ s	AXN
363	Swedish	louse	50	luːs	l uː s	77	l uː s	AXN
364	Icelandic	louse	50	luːs	l uː s	77	l uː s	AXN
365	Dutch	louse	50	lœys	l œy s	77	l œy s	AXN
366	Norwegian	louse	50	lʉːs	l ʉː s	77	l ʉː s	AXN
367	German	man	51	man	m a n	78	m a n - -	AXN
368	English	man	51	mæn	m æ n	78	m æ n - -	AXN
369	Danish	man	51	manˀ	m a nˀ	78	m a nˀ - -	AXN
370	Swedish	man	51	manː	m a nː	78	m a nː - -	AXN
371	Icelandic	man	51	maːðʏr	m aː ð ʏ r	78	m aː ð ʏ r	AXBYN
372	Dutch	man	51	mɑn	m ɑ n	78	m ɑ n - -	AXN
373	Norwegian	man	51	mɑn	m ɑ n	78	m ɑ n - -	AXN
374	German	many	52	fiːl	f iː l	81	f iː l	AXN
375	English	many	52	mɛnɪ	m ɛ n ɪ	79	m ɛ n ɪ -	AXBZ
376	Danish	many	52	mɑŋən	m ɑ ŋ ə n	79	m ɑ ŋ ə n	AXBYN
377	Swedish	many	52	mʏkɛt	m ʏ k ɛ t	80	m ʏ k ɛ t	AXBYN
378	Icelandic	many	52	mɪːcɪð	m ɪː c ɪ ð	80	m ɪː c ɪ ð	AXBYN
379	Dutch	many	52	veːl	v eː l	81	v eː l	AXN
380	Norwegian	many	52	mɑŋə	m ɑ ŋ ə	79	m ɑ ŋ ə -	AXBZ
381	English	many	52	mʌʧ	m ʌ ʧ	80	m ʌ ʧ - -	AXN
382	Swedish	many	52	moŋːa	m o ŋː a	79	m o ŋː a -	AXBZ
383	Norwegian	many	52	meːgət	m eː g ə t	80	m eː g ə t	AXBYN
384	German	meat	53	flaiʃ	f l ai ʃ	82	f l ai ʃ	ACXN
385	English	meat	53	miːt	m iː t	84	m iː t	AXN
386	Danish	meat	53	køð	k ø ð	83	k - ø ð	AXN
387	Swedish	meat	53	ɕøtː	ɕ ø tː	83	ɕ - ø tː	AXN
388	Icelandic	meat	53	kʰjœːt	kʰ j œː t	83	kʰ j œː t	ACXN
389	Dutch	meat	53	vleːs	v l eː s	82	v l eː s	ACXN
390	Norwegian	meat	53	çœt	ç œ t	83	ç - œ t	AXN
391	German	moon	54	moːnt	m oː n t	86	m oː n t -	AXLN
392	English	moon	54	muːn	m uː n	86	m uː n - -	AXN
393	Danish	moon	54	mɔːnə	m ɔː n ə	86	m ɔː n - ə	AXBZ
394	Swedish	moon	54	moːne	m oː n e	86	m oː n - e	AXBZ
395	Icelandic	moon	54	tʰuŋl	tʰ u ŋ l	85	tʰ u ŋ l	AXBC
396	Dutch	moon	54	maːn	m aː n	86	m aː n - -	AXN
397	Norwegian	moon	54	mɑːnə	m ɑː n ə	86	m ɑː n - ə	AXBZ
398	Icelandic	moon	54	mauːnɪ	m auː n ɪ	86	m auː n - ɪ	AXBZ
399	German	mountain	55	bɛrk	b ɛ r k	87	b - ɛ r k	AXLN
400	English	mountain	55	maʊntɪn	m aʊ n t ɪ n	-89	m aʊ n t ɪ n	AXMBYN
401	Danish	mountain	55	bjæʁˀw	b j æ ʁˀ w	87	b j æ ʁˀ w	ACXBC
402	Swedish	mountain	55	bɛrːj	b ɛ rː j	87	b - ɛ rː j	AXBC
403	Icelandic	mountain	55	fjat͡l	f j a t͡l	88	f j a t͡l	ACXN
404	Dutch	mountain	55	bɛrx	b ɛ r x	87	b - ɛ r x	AXLN
405	Norwegian	mountain	55	fjel	f j e l	88	f j e l	ACXN
406	Danish	mountain	55	fjɛlˀ	f j ɛ lˀ	88	f j ɛ lˀ	ACXN
407	German	mouth	56	mʊnt	m ʊ n t	90	m ʊ n - t	AXLN
408	English	mouth	56	maʊð	m aʊ ð	90	m aʊ - - ð	AXN
409	Danish	mouth	56	mɔnˀ	m ɔ nˀ	90	m ɔ nˀ - -	AXN
410	Swedish	mouth	56	munː	m u nː	90	m u nː - -	AXN
411	Icelandic	mouth	56	mʏnːʏr	m ʏ nː ʏ r	90	m ʏ nː ʏ r	AXBYN
412	Dutch	mouth	56	mɔnt	m ɔ n t	90	m ɔ n - t	AXLN
413	Norwegian	mouth	56	mʉn	m ʉ n	90	m ʉ n - -	AXN
414	German	name	57	naːmə	n aː m ə	91	n aː m - ə	AXBZ
415	English	name	57	neɪm	n eɪ m	91	n eɪ m - -	AXN
416	Danish	name	57	nɑwˀn	n ɑ wˀ n	91	n ɑ wˀ n -	AXLN
417	Swedish	name	57	namːn	n a mː n	91	n a mː n -	AXLN
418	Icelandic	name	57	napn	n a p n	91	n a p n -	AXBC
419	Dutch	name	57	naːm	n aː m	91	n aː m - -	AXN
420	Norwegian	name	57	nɑʋn	n ɑ ʋ n	-91	n ɑ ʋ n -	AXLN
750	German	near	103	naːə	n aːə	168	n aːə - -	AX
751	English	near	103	nɪər	n ɪə r	168	n ɪə r -	AXN
752	Danish	near	103	nɛˀʁ	n ɛˀ ʁ	168	n ɛˀ ʁ -	AXN
753	Swedish	near	103	nɛːra	n ɛː r a	168	n ɛː r a	AXBZ
754	Icelandic	near	103	nauː	n auː	168	n auː - -	AX
755	Dutch	near	103	naːbɛɪ	n aː b ɛɪ	168	n aː b ɛɪ	AXBZ
756	Norwegian	near	103	næːɾ	n æː ɾ	168	n æː ɾ -	AXN
757	English	near	103	kləʊs	k l əʊ s	-169	k l əʊ s	ACXN
758	Dutch	near	103	dɪɣdbɛɪ	d ɪ ɣ d b ɛɪ	167	d ɪ ɣ d b ɛɪ	AXLMBZ
421	German	neck	58	hals	h a l s	92	h a l s	AXLN
422	English	neck	58	nɛk	n ɛ k	93	n ɛ k	AXN
423	Danish	neck	58	halˀs	h a lˀ s	92	h a lˀ s	AXLN
424	Swedish	neck	58	halːs	h a lː s	92	h a lː s	AXLN
425	Icelandic	neck	58	hauls	h au l s	92	h au l s	AXLN
426	Dutch	neck	58	hɑls	h ɑ l s	92	h ɑ l s	AXLN
427	Norwegian	neck	58	hɑls	h ɑ l s	92	h ɑ l s	AXLN
428	Dutch	neck	58	nɛk	n ɛ k	93	n ɛ k	AXN
429	German	new	59	nɔy	n ɔy	94	n - ɔy -	AX
430	English	new	59	njuː	n j uː	94	n j uː -	ACX
431	Danish	new	59	nyˀ	n yˀ	94	n - yˀ -	AX
432	Swedish	new	59	nyː	n yː	94	n - yː -	AX
433	Icelandic	new	59	niːr	n iː r	94	n - iː r	AXN
434	Dutch	new	59	niːʋ	n iː ʋ	94	n - iː ʋ	AXN
435	Norwegian	new	59	nyː	n yː	94	n - yː -	AX
436	German	night	60	naxt	n a x t	95	n a x t	AXLN
437	English	night	60	naɪt	n aɪ t	95	n aɪ - t	AXN
438	Danish	night	60	nad	n a d	95	n a - d	AXN
439	Swedish	night	60	natː	n a tː	95	n a - tː	AXN
440	Icelandic	night	60	nouʰt	n ouʰ t	95	n ouʰ - t	AXN
441	Dutch	night	60	nɑxt	n ɑ x t	95	n ɑ x t	AXLN
442	Norwegian	night	60	nɑt	n ɑ t	95	n ɑ - t	AXN
443	German	nose	61	naːzə	n aː z ə	97	n aː z ə	AXBZ
444	English	nose	61	nəʊz	n əʊ z	97	n əʊ z -	AXN
445	Danish	nose	61	nɛːsə	n ɛː s ə	97	n ɛː s ə	AXBZ
446	Swedish	nose	61	nɛːsa	n ɛː s a	97	n ɛː s a	AXBZ
447	Icelandic	nose	61	nɛːv	n ɛː v	96	n ɛː v	AXN
448	Dutch	nose	61	nœːs	n œː s	97	n œː s -	AXN
449	Norwegian	nose	61	neːsə	n eː s ə	97	n eː s ə	AXBZ
450	German	not	62	nɪxt	n ɪ x t	98	n ɪ x t	AXLN
451	English	not	62	nɔt	n ɔ t	98	n ɔ - t	AXN
452	Danish	not	62	egə	e g ə	99	e g ə	XBZ
453	Swedish	not	62	ikːe	i kː e	99	i kː e	XBZ
454	Icelandic	not	62	ɛʰcɪ	ɛʰ c ɪ	99	ɛʰ c ɪ	XBZ
455	Dutch	not	62	niːt	n iː t	98	n iː - t	AXN
456	Norwegian	not	62	ikə	i k ə	99	i k ə	XBZ
457	German	one	63	ain	ai n	100	- ai n	XN
458	English	one	63	ʋʌn	ʋ ʌ n	100	ʋ ʌ n	AXN
459	Danish	one	63	eˀn	eˀ n	100	- eˀ n	XN
460	Swedish	one	63	en	e n	100	- e n	XN
461	Icelandic	one	63	eit͡n	ei t͡n	100	- ei t͡n	XN
462	Dutch	one	63	eːn	eː n	100	- eː n	XN
463	Norwegian	one	63	eːn	eː n	100	- eː n	XN
464	German	person	64	mɛnʃ	m ɛ n ʃ	101	m ɛ n - ʃ - - -	AXLN
465	English	person	64	mæn	m æ n	101	m æ n - - - - -	AXN
466	Danish	person	64	mɛnəsgə	m ɛ n ə s g ə	101	m ɛ n ə s g ə -	AXBYMBZ
467	Swedish	person	64	mɛniʃa	m ɛ n i ʃ a	101	m ɛ n i ʃ - a -	AXBYBZ
468	Icelandic	person	64	maːðʏr	m aː ð ʏ r	101	m aː - - ð - ʏ r	AXBYN
469	Dutch	person	64	mɛns	m ɛ n s	101	m ɛ n - s - - -	AXLN
470	Norwegian	person	64	menəskə	m e n ə s k ə	101	m e n ə s k ə -	AXBYMBZ
471	German	rain (V)	65	reːɡən	r eː ɡ ə n	102	r eː ɡ ə n -	AXBYN
472	English	rain (V)	65	reɪn	r eɪ n	102	r eɪ - - n -	AXN
473	Danish	rain (V)	65	ʁɑjˀn	ʁ ɑ jˀ n	102	ʁ ɑ jˀ - n -	AXLN
474	Swedish	rain (V)	65	reŋːn	r e ŋː n	102	r e ŋː - n -	AXLN
475	Icelandic	rain (V)	65	rɛkn	r ɛ k n	102	r ɛ k - n -	AXBC
476	Dutch	rain (V)	65	reːɣə	r eː ɣ ə	102	r eː ɣ ə - -	AXBZ
477	Norwegian	rain (V)	65	ɾæjnə	ɾ æ j n ə	102	ɾ æ j - n ə	AXMBZ
478	German	red	66	roːt	r oː t	103	r oː t - -	AXN
479	English	red	66	rɛd	r ɛ d	103	r ɛ d - -	AXN
480	Danish	red	66	ʁœðˀ	ʁ œ ðˀ	103	ʁ œ ðˀ - -	AXN
481	Swedish	red	66	røːd	r øː d	103	r øː d - -	AXN
482	Icelandic	red	66	røyːðʏr	r øyː ð ʏ r	103	r øyː ð ʏ r	AXBYN
483	Dutch	red	66	roːt	r oː t	103	r oː t - -	AXN
484	German	road	67	veːk	v eː k	104	v eː k - -	AXN
485	English	road	67	rəʊd	r əʊ d	105	r əʊ d	AXN
486	Danish	road	67	vɑjˀ	v ɑ jˀ	104	v ɑ jˀ - -	AXN
487	Swedish	road	67	vɛːg	v ɛː g	104	v ɛː g - -	AXN
488	Icelandic	road	67	vekʏr	v e k ʏ r	104	v e k ʏ r	AXBYN
489	Dutch	road	67	ʋɛx	ʋ ɛ x	104	ʋ ɛ x - -	AXN
490	English	road	67	ʋeɪ	ʋ eɪ	104	ʋ eɪ - - -	AX
491	German	root	68	vʊrt͡səl	v ʊ r t͡s ə l	106	v ʊ r t͡s ə l	AXMBYN
492	English	root	68	ruːt	r uː t	106	- - r - uː t	AXN
493	Danish	root	68	ʁoˀð	ʁ oˀ ð	106	- - ʁ - oˀ ð	AXN
494	Swedish	root	68	roːt	r oː t	106	- - r - oː t	AXN
495	Icelandic	root	68	rouːt	r ouː t	106	- - r - ouː t	AXN
496	Dutch	root	68	ʋɔrtəl	ʋ ɔ r t ə l	106	ʋ ɔ r t ə l	AXMBYN
497	German	round	69	rʊnt	r ʊ n t	-108	r ʊ n t	AXLN
498	English	round	69	raʊnd	r aʊ n d	-108	r aʊ n d	AXLN
499	Danish	round	69	ʁɔnˀ	ʁ ɔ nˀ	-108	ʁ ɔ nˀ -	AXN
500	Swedish	round	69	runːd	r u nː d	-108	r u nː d	AXLN
501	Icelandic	round	69	kʰriŋlouʰtʏr	kʰ r i ŋ l ouʰ t ʏ r	107	kʰ r i ŋ l ouʰ t ʏ r	ACXBCYBYN
502	Dutch	round	69	rɔnt	r ɔ n t	-108	r ɔ n t	AXLN
759	German	salt	104	zalt͡s	z a l t͡s	170	z a l t͡s	AXLN
760	English	salt	104	sɔːlt	s ɔː l t	170	s ɔː l t	AXLN
761	Danish	salt	104	salˀd	s a lˀ d	170	s a lˀ d	AXLN
762	Swedish	salt	104	salːt	s a lː t	170	s a lː t	AXLN
763	Icelandic	salt	104	sal̥t	s a l̥ t	170	s a l̥ t	AXLN
764	Dutch	salt	104	zɑut	z ɑu t	170	z ɑu - t	AXN
765	Norwegian	salt	104	sɑlt	s ɑ l t	170	s ɑ l t	AXLN
503	German	sand	70	zant	z a n t	109	z a n t - -	AXLN
504	English	sand	70	sænd	s æ n d	109	s æ n d - -	AXLN
505	Danish	sand	70	sanˀ	s a nˀ	109	s a nˀ - - -	AXN
506	Swedish	sand	70	sanːd	s a nː d	109	s a nː d - -	AXLN
507	Icelandic	sand	70	santʏr	s a n t ʏ r	109	s a n t ʏ r	AXMBYN
508	Dutch	sand	70	zɑnt	z ɑ n t	109	z ɑ n t - -	AXLN
509	German	say (V)	71	zaːɡən	z aː ɡ ə n	110	z aː ɡ ə n	AXBYN
510	English	say (V)	71	seɪ	s eɪ	110	s eɪ - - -	AX
511	Danish	say (V)	71	siː	s iː	110	s iː - - -	AX
512	Swedish	say (V)	71	sɛja	s ɛ j a	110	s ɛ j a -	AXBZ
513	Icelandic	say (V)	71	seiːja	s eiː j a	110	s eiː j a -	AXBZ
514	Dutch	say (V)	71	zɛɣə	z ɛ ɣ ə	110	z ɛ ɣ ə -	AXBZ
515	Norwegian	say (V)	71	siː	s iː	110	s iː - - -	AX
516	German	see (V)	72	zeːən	z eːə n	111	z - eːə n	AXN
517	English	see (V)	72	siː	s iː	111	s - iː -	AX
518	Danish	see (V)	72	seˀ	s eˀ	111	s - eˀ -	AX
519	Swedish	see (V)	72	seː	s eː	111	s - eː -	AX
520	Icelandic	see (V)	72	sjauː	s j auː	111	s j auː -	ACX
521	Dutch	see (V)	72	ziːn	z iː n	111	z - iː n	AXN
522	Norwegian	see (V)	72	seː	s eː	111	s - eː -	AX
523	German	seed	73	zaːmən	z aː m ə n	112	z aː m ə n	AXBYN
524	English	seed	73	siːd	s iː d	112	s iː d - -	AXN
525	Danish	seed	73	fʁœˀ	f ʁ œˀ	113	f ʁ œˀ	ACX
526	Swedish	seed	73	frøː	f r øː	113	f r øː	ACX
527	Icelandic	seed	73	fraiː	f r aiː	113	f r aiː	ACX
528	Dutch	seed	73	zaːt	z aː t	112	z aː t - -	AXN
529	Norwegian	seed	73	fɾøː	f ɾ øː	113	f ɾ øː	ACX
766	German	short	105	kʊrt͡s	k ʊ r t͡s	-172	k ʊ r t͡s	AXLN
767	English	short	105	ʃɔːrt	ʃ ɔː r t	172	ʃ ɔː r t	AXLN
768	Danish	short	105	kɒːd	k ɒː d	-172	k ɒː - d	AXN
769	Swedish	short	105	kɔrt	k ɔ r t	-172	k ɔ r t	AXLN
770	Icelandic	short	105	stʏʰtʏr	s t ʏʰ t ʏ r	171	s t ʏʰ t ʏ r	ACYBYN
771	Dutch	short	105	kɔrt	k ɔ r t	-172	k ɔ r t	AXLN
772	Norwegian	short	105	kɔʈ	k ɔ ʈ	-172	k ɔ - ʈ	AXN
530	German	sit (V)	74	zɪt͡sən	z ɪ t͡s ə n	114	z ɪ t͡s - ə n	AXBYN
531	English	sit (V)	74	sɪt	s ɪ t	114	s ɪ t - - -	AXN
532	Danish	sit (V)	74	seðə	s e ð ə	114	s e ð - ə -	AXBZ
533	Swedish	sit (V)	74	sitːa	s i tː a	114	s i tː - a -	AXBZ
534	Icelandic	sit (V)	74	sɪːtja	s ɪː t j a	114	s ɪː t j a -	AXBCZ
535	Dutch	sit (V)	74	zɪtə	z ɪ t ə	114	z ɪ t - ə -	AXBZ
536	Norwegian	sit (V)	74	sitə	s i t ə	114	s i t - ə -	AXBZ
537	German	skin	75	haut	h au t	116	h au t	AXN
538	English	skin	75	skɪn	s k ɪ n	-117	s k ɪ n	ACYN
539	Danish	skin	75	huðˀ	h u ðˀ	116	h u ðˀ	AXN
540	Swedish	skin	75	ɧinː	ɧ i nː	117	ɧ - i nː	AXN
541	Icelandic	skin	75	huːð	h uː ð	116	h uː ð	AXN
542	Dutch	skin	75	vɛl	v ɛ l	115	v ɛ l	AXN
543	Norwegian	skin	75	hʉːd	h ʉː d	116	h ʉː d	AXN
544	Swedish	skin	75	huːd	h uː d	116	h uː d	AXN
545	Icelandic	skin	75	scɪnː	s c ɪ nː	117	s c ɪ nː	ACYN
546	Dutch	skin	75	hœyt	h œy t	116	h œy t	AXN
547	German	sleep (V)	76	ʃlaːfən	ʃ l aː f ə n	119	ʃ l aː f ə n	ACXBYN
548	English	sleep (V)	76	sliːp	s l iː p	119	s l iː p - -	ACXN
549	Danish	sleep (V)	76	sɒwə	s ɒ w ə	118	s ɒ w ə	AXBZ
550	Swedish	sleep (V)	76	soːva	s oː v a	118	s oː v a	AXBZ
551	Icelandic	sleep (V)	76	sɔːva	s ɔː v a	118	s ɔː v a	AXBZ
552	Dutch	sleep (V)	76	slaːpə	s l aː p ə	119	s l aː p ə -	ACXBZ
553	Norwegian	sleep (V)	76	soːʋə	s oː ʋ ə	118	s oː ʋ ə	AXBZ
554	German	small	77	klain	k l ai n	121	k l ai n	ACXN
555	English	small	77	smɔːl	s m ɔː l	120	s m ɔː l	ACXN
556	Danish	small	77	lilə	l i l ə	122	l i l ə -	AXBZ
557	Swedish	small	77	liːten	l iː t e n	122	l iː t e n	AXBYN
558	Icelandic	small	77	liːtɪt͡l	l iː t ɪ t͡l	122	l iː t ɪ t͡l	AXBYN
559	Dutch	small	77	klɛɪn	k l ɛɪ n	121	k l ɛɪ n	ACXN
560	Norwegian	small	77	liːtən	l iː t ə n	122	l iː t ə n	AXBYN
561	English	small	77	lɪtḷ	l ɪ t ḷ	122	l ɪ t ḷ -	AXLN
562	Danish	small	77	liːðən	l iː ð ə n	122	l iː ð ə n	AXBYN
563	Swedish	small	77	smoː	s m oː	120	s m oː -	ACX
564	Icelandic	small	77	smauːr	s m auː r	120	s m auː r	ACXN
565	German	smoke	78	raux	r au x	124	r au - x - -	AXN
566	English	smoke	78	sməʊk	s m əʊ k	123	s m əʊ k	ACXN
567	Danish	smoke	78	ʁʌjˀ	ʁ ʌ jˀ	124	ʁ ʌ jˀ - - -	AXN
568	Swedish	smoke	78	røk	r ø k	124	r ø - k - -	AXN
569	Icelandic	smoke	78	reiːkʏr	r eiː k ʏ r	124	r eiː - k ʏ r	AXBYN
570	Dutch	smoke	78	roːk	r oː k	124	r oː - k - -	AXN
571	Norwegian	smoke	78	ɾœjk	ɾ œ j k	124	ɾ œ j k - -	AXLN
773	German	snake	106	ʃlaŋə	ʃ l a ŋ ə	173	ʃ l a ŋ - ə	ACXBZ
774	English	snake	106	sneɪk	s n eɪ k	175	s n eɪ k	ACXN
775	Danish	snake	106	slɑŋə	s l ɑ ŋ ə	173	s l ɑ ŋ - ə	ACXBZ
776	Swedish	snake	106	orːm	o rː m	174	o rː m	XLN
777	Icelandic	snake	106	st͡lauŋka	s t͡l au ŋ k a	173	s t͡l au ŋ k a	ACYMBZ
778	Dutch	snake	106	slɑŋ	s l ɑ ŋ	173	s l ɑ ŋ - -	ACXN
779	Norwegian	snake	106	ɔɾm	ɔ ɾ m	174	ɔ ɾ m	XLN
780	Norwegian	snake	106	ʃlɑŋə	ʃ l ɑ ŋ ə	173	ʃ l ɑ ŋ - ə	ACXBZ
572	German	stand (V)	79	ʃteːən	ʃ t eːə n	125	ʃ t eːə n - -	ACYN
573	English	stand (V)	79	stænd	s t æ n d	125	s t æ n d -	ACYLN
574	Danish	stand (V)	79	sdɔˀ	s d ɔˀ	125	s d ɔˀ - - -	ACZ
575	Swedish	stand (V)	79	stoː	s t oː	125	s t oː - - -	ACZ
576	Icelandic	stand (V)	79	stanta	s t a n t a	125	s t a n t a	ACYMBZ
577	Dutch	stand (V)	79	staːn	s t aː n	125	s t aː n - -	ACYN
578	Norwegian	stand (V)	79	stoː	s t oː	125	s t oː - - -	ACZ
579	German	star	80	ʃtɛrn	ʃ t ɛ r n	126	ʃ t - ɛ r n -	ACYLN
580	English	star	80	stɑːr	s t ɑː r	126	s t - ɑː r - -	ACYN
581	Danish	star	80	sdjæʁnə	s d j æ ʁ n ə	126	s d j æ ʁ n ə	ACCYMBZ
582	Swedish	star	80	ɧɛːrna	ɧ ɛː r n a	126	ɧ - - ɛː r n a	AXMBZ
583	Icelandic	star	80	stjart͡na	s t j a r t͡n a	126	s t j a r t͡n a	ACCYMBZ
584	Dutch	star	80	stɛr	s t ɛ r	126	s t - ɛ r - -	ACYN
585	Norwegian	star	80	stjæːɳə	s t j æː ɳ ə	126	s t j æː - ɳ ə	ACCYBZ
586	German	stone	81	ʃtain	ʃ t ai n	127	ʃ t ai - n	ACYN
587	English	stone	81	stəʊn	s t əʊ n	127	s t əʊ - n	ACYN
588	Danish	stone	81	sdeˀn	s d eˀ n	127	s d eˀ - n	ACYN
589	Swedish	stone	81	steːn	s t eː n	127	s t eː - n	ACYN
590	Icelandic	stone	81	steit͡n	s t ei t͡n	127	s t ei - t͡n	ACYN
591	Dutch	stone	81	steːn	s t eː n	127	s t eː - n	ACYN
592	Norwegian	stone	81	stæjn	s t æ j n	127	s t æ j n	ACYLN
593	German	sun	82	zɔnə	z ɔ n ə	128	z ɔ n ə	AXBZ
594	English	sun	82	sʌn	s ʌ n	128	s ʌ n -	AXN
595	Danish	sun	82	soˀl	s oˀ l	128	s oˀ l -	AXN
596	Swedish	sun	82	soːl	s oː l	128	s oː l -	AXN
597	Icelandic	sun	82	souːl	s ouː l	128	s ouː l -	AXN
598	Dutch	sun	82	zɔn	z ɔ n	128	z ɔ n -	AXN
599	Norwegian	sun	82	suːl	s uː l	128	s uː l -	AXN
600	German	swim (V)	83	ʃvɪmən	ʃ v ɪ m ə n	130	ʃ v ɪ m ə n	ACYBYN
601	English	swim (V)	83	sʋɪm	s ʋ ɪ m	130	s ʋ ɪ m - -	ACXN
602	Danish	swim (V)	83	svœmə	s v œ m ə	130	s v œ m ə -	ACYBZ
603	Swedish	swim (V)	83	simːa	s i mː a	130	s - i mː a -	AXBZ
604	Icelandic	swim (V)	83	synta	s y n t a	129	s y n t a	AXMBZ
605	Dutch	swim (V)	83	zʋɛmə	z ʋ ɛ m ə	130	z ʋ ɛ m ə -	ACXBZ
606	Norwegian	swim (V)	83	sʋœmə	s ʋ œ m ə	130	s ʋ œ m ə -	ACXBZ
607	German	tail	84	ʃvant͡s	ʃ v a n t͡s	131	ʃ v a n t͡s	ACYLN
608	English	tail	84	teɪl	t eɪ l	135	t eɪ l	AXN
609	Danish	tail	84	hæːlə	h æː l ə	132	h æː l ə	AXBZ
610	Swedish	tail	84	ɧɛrt	ɧ ɛ r t	134	ɧ - ɛ r t	AXLN
611	Icelandic	tail	84	haːlɪ	h aː l ɪ	132	h aː l ɪ	AXBZ
612	Dutch	tail	84	staːrt	s t aː r t	134	s t aː r t	ACYLN
613	Norwegian	tail	84	hɑːlə	h ɑː l ə	132	h ɑː l ə	AXBZ
614	Icelandic	tail	84	skɔʰt	s k ɔʰ t	133	s k ɔʰ t	ACYN
615	German	that	85	jeːnər	j eː n ə r	136	j eː n ə r	AXBYN
616	English	that	85	ðæt	ð æ t	137	ð æ t -	AXN
617	Danish	that	85	de	d e	137	d e - -	AX
618	Swedish	that	85	də	d ə	137	d ə - -	AX
619	Icelandic	that	85	θɛsːɪ	θ ɛ sː ɪ	137	θ ɛ sː ɪ	AXBZ
620	Dutch	that	85	diː	d iː	137	d iː - -	AX
621	Norwegian	that	85	deː	d eː	137	d eː - -	AX
622	Danish	that	85	hiˀn	h iˀ n	138	h iˀ n	AXN
623	Icelandic	that	85	sauː	s auː	139	s auː	AX
781	German	thin	107	dʏn	d ʏ n	178	d ʏ n - -	AXN
782	English	thin	107	θɪn	θ ɪ n	178	θ ɪ n - -	AXN
783	Danish	thin	107	tønˀ	t ø nˀ	178	t ø nˀ - -	AXN
784	Swedish	thin	107	smal	s m a l	176	s m a l	ACXN
785	Icelandic	thin	107	θʏnːʏr	θ ʏ nː ʏ r	178	θ ʏ nː ʏ r	AXBYN
786	Dutch	thin	107	fɛɪn	f ɛɪ n	-177	f ɛɪ n	AXN
787	Norwegian	thin	107	tyn	t y n	178	t y n - -	AXN
788	Danish	thin	107	smalˀ	s m a lˀ	176	s m a lˀ	ACXN
789	Swedish	thin	107	tunː	t u nː	178	t u nː - -	AXN
790	Dutch	thin	107	dʉn	d ʉ n	178	d ʉ n - -	AXN
791	Norwegian	thin	107	smɑːl	s m ɑː l	176	s m ɑː l	ACXN
624	German	this	86	diːzər	d iː z ə r	140	d iː z ə r	AXBYN
625	English	this	86	ðɪs	ð ɪ s	140	ð ɪ s - -	AXN
626	Danish	this	86	dɛnə	d ɛ n ə	140	d ɛ n ə -	AXBZ
627	Swedish	this	86	dɛta	d ɛ t a	140	d ɛ t a -	AXBZ
628	Icelandic	this	86	θɛsːɪ	θ ɛ sː ɪ	140	θ ɛ sː ɪ -	AXBZ
629	Dutch	this	86	deːzə	d eː z ə	140	d eː z ə -	AXBZ
630	Norwegian	this	86	detə	d e t ə	140	d e t ə -	AXBZ
631	Danish	this	86	dɛnə	d ɛ n ə	140	d ɛ n ə -	AXBZ
632	German	thou	87	duː	d uː	142	d uː	AX
633	English	thou	87	juː	j uː	141	j uː	AX
634	Danish	thou	87	duˀ	d uˀ	142	d uˀ	AX
635	Swedish	thou	87	dʉ	d ʉ	142	d ʉ	AX
636	Icelandic	thou	87	θuː	θ uː	142	θ uː	AX
637	Dutch	thou	87	jɛɪ	j ɛɪ	141	j ɛɪ	AX
638	Norwegian	thou	87	dʉː	d ʉː	142	d ʉː	AX
639	German	tongue	88	t͡sʊŋə	t͡s ʊ ŋ ə	143	t͡s ʊ ŋ - ə	AXBZ
640	English	tongue	88	tʌŋ	t ʌ ŋ	143	t ʌ ŋ - -	AXN
641	Danish	tongue	88	tɔŋə	t ɔ ŋ ə	143	t ɔ ŋ - ə	AXBZ
642	Swedish	tongue	88	tuŋːa	t u ŋː a	143	t u ŋː - a	AXBZ
643	Icelandic	tongue	88	tʰuŋka	tʰ u ŋ k a	143	tʰ u ŋ k a	AXMBZ
644	Dutch	tongue	88	tɔŋ	t ɔ ŋ	143	t ɔ ŋ - -	AXN
645	Norwegian	tongue	88	tuŋə	t u ŋ ə	143	t u ŋ - ə	AXBZ
646	German	tooth	89	t͡saːn	t͡s aː n	144	t͡s aː n -	AXN
647	English	tooth	89	tuːθ	t uː θ	144	t uː - θ	AXN
648	Danish	tooth	89	tanˀ	t a nˀ	144	t a nˀ -	AXN
649	Swedish	tooth	89	tanːd	t a nː d	144	t a nː d	AXLN
650	Icelandic	tooth	89	tʰœnː	tʰ œ nː	144	tʰ œ nː -	AXN
651	Dutch	tooth	89	tɑnt	t ɑ n t	144	t ɑ n t	AXLN
652	Norwegian	tooth	89	tɑn	t ɑ n	144	t ɑ n -	AXN
653	German	tree	90	baum	b au m	147	b au m	AXN
654	English	tree	90	triː	t r iː	146	t r - iː -	ACX
655	Danish	tree	90	tʁɛˀ	t ʁ ɛˀ	146	t ʁ - ɛˀ -	ACX
656	Swedish	tree	90	trɛːd	t r ɛː d	146	t r - ɛː d	ACXN
657	Icelandic	tree	90	tʰrjɛː	tʰ r j ɛː	146	tʰ r j ɛː -	ACCX
658	Dutch	tree	90	boːm	b oː m	147	b oː m	AXN
659	Norwegian	tree	90	tɾeː	t ɾ eː	146	t ɾ - eː -	ACX
660	Icelandic	tree	90	vɪːðʏr	v ɪː ð ʏ r	145	v ɪː ð ʏ r	AXBYN
661	German	two	91	t͡svai	t͡s v ai	148	t͡s v ai -	ACX
662	English	two	91	tuː	t uː	148	t - uː -	AX
663	Danish	two	91	toˀ	t oˀ	148	t - oˀ -	AX
664	Swedish	two	91	tvoː	t v oː	148	t v oː -	ACX
665	Icelandic	two	91	tʰveir	tʰ v ei r	148	tʰ v ei r	ACXN
666	Dutch	two	91	tʋeː	t ʋ eː	148	t ʋ eː -	ACX
667	Norwegian	two	91	tuː	t uː	148	t - uː -	AX
668	German	walk (V)	92	ɡeːən	ɡ eːə n	150	ɡ eːə n	AXN
669	English	walk (V)	92	ɡəʊ	ɡ əʊ	150	ɡ əʊ -	AX
670	Danish	walk (V)	92	gɔˀ	g ɔˀ	150	g ɔˀ -	AX
671	Swedish	walk (V)	92	goː	g oː	150	g oː -	AX
672	Icelandic	walk (V)	92	faːra	f aː r a	149	f aː r a	AXBZ
673	Dutch	walk (V)	92	xaːn	x aː n	150	x aː n	AXN
674	Norwegian	walk (V)	92	goː	g oː	150	g oː -	AX
675	German	warm	93	varm	v a r m	152	v a r m	AXLN
676	English	warm	93	ʋɔːrm	ʋ ɔː r m	152	ʋ ɔː r m	AXLN
677	Danish	warm	93	vɑˀm	v ɑˀ m	152	v ɑˀ - m	AXN
678	Swedish	warm	93	varːm	v a rː m	152	v a rː m	AXLN
679	Icelandic	warm	93	l̥iːr	l̥ iː r	151	l̥ iː r	AXN
680	Dutch	warm	93	ʋɑrm	ʋ ɑ r m	152	ʋ ɑ r m	AXLN
681	Norwegian	warm	93	ʋɑɾm	ʋ ɑ ɾ m	152	ʋ ɑ ɾ m	AXLN
682	German	water	94	vasər	v a s ə r	153	v a s ə r	AXBYN
683	English	water	94	ʋɔːtər	ʋ ɔː t ə r	153	ʋ ɔː t ə r	AXBYN
684	Danish	water	94	vanˀ	v a nˀ	153	v a - - nˀ	AXN
685	Swedish	water	94	vatːen	v a tː e n	153	v a tː e n	AXBYN
686	Icelandic	water	94	vaʰtn̥	v aʰ t n̥	153	v aʰ t - n̥	AXBC
687	Dutch	water	94	ʋaːtər	ʋ aː t ə r	153	ʋ aː t ə r	AXBYN
688	Norwegian	water	94	ʋɑn	ʋ ɑ n	153	ʋ ɑ - - n	AXN
689	German	we	95	viːr	v iː r	154	v iː r	AXN
690	English	we	95	ʋiː	ʋ iː	154	ʋ iː -	AX
691	Danish	we	95	viˀ	v iˀ	154	v iˀ -	AX
692	Swedish	we	95	viː	v iː	154	v iː -	AX
693	Icelandic	we	95	vɪːð	v ɪː ð	154	v ɪː ð	AXN
694	Dutch	we	95	ʋɛɪ	ʋ ɛɪ	154	ʋ ɛɪ -	AX
695	Norwegian	we	95	ʋiː	ʋ iː	154	ʋ iː -	AX
696	German	what	96	vas	v a s	155	v a s	AXN
697	English	what	96	ʋɔt	ʋ ɔ t	155	ʋ ɔ t	AXN
698	Danish	what	96	va	v a	155	v a -	AX
699	Swedish	what	96	vɑd	v ɑ d	155	v ɑ d	AXN
700	Icelandic	what	96	xʷaːð	xʷ aː ð	155	xʷ aː ð	AXN
701	Dutch	what	96	ʋɑt	ʋ ɑ t	155	ʋ ɑ t	AXN
702	Norwegian	what	96	ʋɑː	ʋ ɑː	155	ʋ ɑː -	AX
703	German	white	97	vais	v ai s	156	v ai s - -	AXN
704	English	white	97	ʋaɪt	ʋ aɪ t	156	ʋ aɪ t - -	AXN
705	Danish	white	97	viðˀ	v i ðˀ	156	v i ðˀ - -	AXN
706	Swedish	white	97	viːt	v iː t	156	v iː t - -	AXN
707	Icelandic	white	97	xʷiːtʏr	xʷ iː t ʏ r	156	xʷ iː t ʏ r	AXBYN
708	Dutch	white	97	ʋɪt	ʋ ɪ t	156	ʋ ɪ t - -	AXN
709	Norwegian	white	97	ʋiːt	ʋ iː t	156	ʋ iː t - -	AXN
710	German	who	98	veːr	v eː r	157	v eː r	AXN
711	English	who	98	huː	h uː	157	h uː -	AX
712	Danish	who	98	vɛmˀ	v ɛ mˀ	157	v ɛ mˀ	AXN
713	Swedish	who	98	vem	v e m	157	v e m	AXN
714	Icelandic	who	98	xʷɛːr	xʷ ɛː r	157	xʷ ɛː r	AXN
715	Dutch	who	98	ʋiː	ʋ iː	157	ʋ iː -	AX
716	Norwegian	who	98	ʋem	ʋ e m	157	ʋ e m	AXN
792	German	wind	108	vɪnt	v ɪ n t	179	v ɪ n t - -	AXLN
793	English	wind	108	ʋɪnd	ʋ ɪ n d	179	ʋ ɪ n d - -	AXLN
794	Danish	wind	108	venˀ	v e nˀ	179	v e nˀ - - -	AXN
795	Swedish	wind	108	vind	v i n d	179	v i n d - -	AXLN
796	Icelandic	wind	108	vɪntʏr	v ɪ n t ʏ r	179	v ɪ n t ʏ r	AXMBYN
797	Dutch	wind	108	ʋɪnt	ʋ ɪ n t	179	ʋ ɪ n t - -	AXLN
798	Norwegian	wind	108	ʋin	ʋ i n	179	ʋ i n - - -	AXN
717	German	woman	99	frau	f r au	158	f r au -	ACX
718	English	woman	99	ʋʊmən	ʋ ʊ m ə n	159	ʋ ʊ m ə n	AXBYN
719	Danish	woman	99	kvenə	k v e n ə	160	k v e n ə	ACXBZ
720	Swedish	woman	99	kvinːa	k v i nː a	160	k v i nː a	ACXBZ
721	Icelandic	woman	99	kʰɔːna	kʰ ɔː n a	160	kʰ - ɔː n a	AXBZ
722	Dutch	woman	99	vrɑuʋ	v r ɑu ʋ	158	v r ɑu ʋ	ACXN
723	Norwegian	woman	99	kʋinə	k ʋ i n ə	160	k ʋ i n ə	ACXBZ
724	German	woman	99	vaip	v ai p	159	v ai p - -	AXN
799	German	worm	109	vʊrm	v ʊ r m	181	v ʊ r m - -	AXLN
800	English	worm	109	ʋɜːrm	ʋ ɜː r m	181	ʋ ɜː r m - -	AXLN
801	Danish	worm	109	oʁˀm	o ʁˀ m	181	- o ʁˀ m - -	XLN
802	Swedish	worm	109	masːk	m a sː k	180	m a sː k - -	AXLN
803	Icelandic	worm	109	ɔrmʏr	ɔ r m ʏ r	181	- ɔ r m ʏ r	XMBYN
804	Dutch	worm	109	ʋɔrm	ʋ ɔ r m	181	ʋ ɔ r m - -	AXLN
805	Norwegian	worm	109	mɑɾk	m ɑ ɾ k	180	m ɑ ɾ k - -	AXLN
806	Icelandic	worm	109	maθkʏr	m a θ k ʏ r	180	m a θ k ʏ r	AXMBYN
807	Dutch	worm	109	maːdə	m aː d ə	180	m aː d - ə -	AXBZ
808	German	year	110	jaːr	j aː r	182	j aː r	AXN
809	English	year	110	jɪər	j ɪə r	182	j ɪə r	AXN
810	Danish	year	110	ɒˀʁ	ɒˀ ʁ	182	- ɒˀ ʁ	XN
811	Swedish	year	110	oːr	oː r	182	- oː r	XN
812	Icelandic	year	110	auːr	auː r	182	- auː r	XN
813	Dutch	year	110	jaːr	j aː r	182	j aː r	AXN
814	Norwegian	year	110	oːɾ	oː ɾ	182	- oː ɾ	XN
725	German	yellow	100	ɡɛlp	ɡ ɛ l p	161	ɡ ɛ l - p	AXLN
726	English	yellow	100	jɛləʊ	j ɛ l əʊ	161	j ɛ l əʊ -	AXBZ
727	Danish	yellow	100	guˀl	g uˀ l	161	g uˀ l - -	AXN
728	Swedish	yellow	100	guːl	g uː l	161	g uː l - -	AXN
729	Icelandic	yellow	100	kʏːlʏr	k ʏː l ʏ r	161	k ʏː l ʏ r	AXBYN
730	Dutch	yellow	100	xeːl	x eː l	161	x eː l - -	AXN
731	Norwegian	yellow	100	gʉːl	g ʉː l	161	g ʉː l - -	AXN
